episode,steps,total_reward,success,key_found_step,door_attempts_without_key,door_opened_step,shield_pickup_step,trap_hit_step,path_type,wall_bumps,mean_loss,mean_td_error,mean_q_value,mean_mood_value,mean_mood_action,mean_overall_mood,exploration_boosts,mean_mood_bias,epsilon,effective_epsilon,success_rate_100
0,10,-1.0000,1,-1,0,-1,-1,8,trap_rush,0,0.000000,0.000000,0.000000,0.000000,0.000000,0.000000,0,0.000000,1.0000,0.0000,1.0000
1,100,-8.0000,0,-1,0,-1,14,-1,timeout,0,2.724479,-0.016705,0.015136,0.000000,0.000000,0.051752,0,0.000000,0.9987,0.0000,0.5000
2,22,-12.2000,1,-1,0,-1,-1,18,trap_rush,0,2.202989,-0.011399,-0.003126,0.000000,0.000000,0.011314,0,0.000000,0.9975,0.0000,0.6667
3,48,-23.8000,1,-1,0,-1,8,40,shield_route,0,2.618186,-0.107684,-0.008511,0.000000,0.000000,-0.016325,0,0.000000,0.9962,0.0000,0.7500
4,62,-76.2000,1,-1,0,-1,-1,24,trap_rush,0,4.504618,-0.200877,-0.121218,0.000000,0.000000,-0.107157,0,0.000000,0.9949,0.0000,0.8000
5,100,-128.0000,0,-1,0,-1,94,6,timeout,0,6.207477,-0.019291,-0.574973,0.000000,0.000000,0.095219,0,0.000000,0.9937,0.0000,0.6667
6,36,-3.6000,1,-1,0,-1,-1,34,trap_rush,0,5.762161,-0.088538,-0.602783,0.000000,0.000000,0.115959,0,0.000000,0.9924,0.0000,0.7143
7,86,-68.6000,1,-1,0,-1,-1,12,trap_rush,0,5.629470,-0.036774,-0.623930,0.000000,0.000000,0.103047,0,0.000000,0.9911,0.0000,0.7500
8,74,-86.4000,1,-1,0,-1,26,6,other,0,6.629544,0.009748,-0.729862,0.000000,0.000000,0.208720,0,0.000000,0.9899,0.0000,0.7778
9,72,-36.2000,1,-1,0,-1,24,6,other,0,7.292136,-0.040196,-0.665420,0.000000,0.000000,0.197455,0,0.000000,0.9886,0.0000,0.8000
10,100,-8.0000,0,-1,0,-1,24,-1,timeout,0,6.437533,-0.046655,-0.550264,0.000000,0.000000,0.112002,0,0.000000,0.9873,0.0000,0.7273
11,100,-19.0000,0,-1,0,-1,4,62,timeout,0,5.647041,0.008946,-0.554703,0.000000,0.000000,0.114804,0,0.000000,0.9860,0.0000,0.6667
12,6,-0.6000,1,-1,0,-1,-1,4,trap_rush,0,5.046785,0.200244,-0.542894,0.000000,0.000000,-0.064550,0,0.000000,0.9848,0.0000,0.6923
13,100,-8.0000,0,-1,0,-1,26,-1,timeout,0,5.260752,-0.031639,-0.503164,0.000000,0.000000,0.063978,0,0.000000,0.9835,0.0000,0.6429
14,40,-34.0000,1,-1,0,-1,-1,32,trap_rush,0,3.764816,0.015537,-0.432799,0.000000,0.000000,-0.011005,0,0.000000,0.9822,0.0000,0.6667
15,32,7.8000,1,-1,0,-1,14,30,shield_route,0,6.233125,-0.065059,-0.473933,0.000000,0.000000,0.087848,0,0.000000,0.9810,0.0000,0.6875
16,74,-16.4000,1,-1,0,-1,10,26,shield_route,0,5.478936,0.043050,-0.397735,0.000000,0.000000,0.099712,0,0.000000,0.9797,0.0000,0.7059
17,66,4.4000,1,-1,0,-1,8,64,shield_route,0,4.454530,0.000846,-0.391958,0.000000,0.000000,0.073465,0,0.000000,0.9784,0.0000,0.7222
18,20,-32.0000,1,-1,0,-1,-1,6,trap_rush,0,4.424103,0.120279,-0.351757,0.000000,0.000000,0.078217,0,0.000000,0.9772,0.0000,0.7368
19,98,1.2000,1,-1,0,-1,6,96,shield_route,0,5.208834,-0.023949,-0.319007,0.000000,0.000000,0.050870,0,0.000000,0.9759,0.0000,0.7500
20,22,-12.2000,1,-1,0,-1,-1,16,trap_rush,0,5.140769,-0.111964,-0.341524,0.000000,0.000000,-0.003973,0,0.000000,0.9746,0.0000,0.7619
21,60,-5.0000,1,-1,0,-1,32,52,shield_route,0,4.942123,0.018974,-0.391761,0.000000,0.000000,0.185337,0,0.000000,0.9734,0.0000,0.7727
22,100,-119.0000,0,-1,0,-1,46,22,timeout,0,4.728386,-0.060470,-0.371551,0.000000,0.000000,0.048557,0,0.000000,0.9721,0.0000,0.7391
23,10,-21.0000,1,-1,0,-1,-1,4,trap_rush,0,4.007227,0.121780,-0.408027,0.000000,0.000000,0.141042,0,0.000000,0.9708,0.0000,0.7500
24,100,-9.0000,0,-1,0,-1,6,100,timeout,0,5.286969,-0.041335,-0.429583,0.000000,0.000000,0.087503,0,0.000000,0.9696,0.0000,0.7200
25,28,-12.8000,1,-1,0,-1,-1,22,trap_rush,0,5.069312,0.104909,-0.407249,0.000000,0.000000,0.207026,0,0.000000,0.9683,0.0000,0.7308
26,100,-8.0000,0,-1,0,-1,12,-1,timeout,0,4.310737,-0.032032,-0.339693,0.000000,0.000000,0.080555,0,0.000000,0.9670,0.0000,0.7037
27,54,-54.4000,1,-1,0,-1,22,38,shield_route,0,3.965782,0.002660,-0.319063,0.000000,0.000000,0.067372,0,0.000000,0.9658,0.0000,0.7143
28,38,-3.8000,1,-1,0,-1,-1,36,trap_rush,0,3.723006,0.017548,-0.344915,0.000000,0.000000,-0.052411,0,0.000000,0.9645,0.0000,0.7241
29,26,-22.6000,1,-1,0,-1,-1,6,trap_rush,0,5.284587,-0.223603,-0.372743,0.000000,0.000000,-0.008235,0,0.000000,0.9632,0.0000,0.7333
30,100,-8.0000,0,-1,0,-1,52,-1,timeout,0,4.936019,-0.018839,-0.426603,0.000000,0.000000,0.095990,0,0.000000,0.9619,0.0000,0.7097
31,100,-19.0000,0,-1,0,-1,12,38,timeout,0,4.359901,-0.012682,-0.402350,0.000000,0.000000,0.124182,0,0.000000,0.9607,0.0000,0.6875
32,100,-8.0000,0,-1,0,-1,66,-1,timeout,0,4.547004,-0.005717,-0.438043,0.000000,0.000000,-0.007794,0,0.000000,0.9594,0.0000,0.6667
33,100,-28.0000,0,-1,0,-1,46,18,timeout,0,4.117329,0.030071,-0.366798,0.000000,0.000000,0.070209,0,0.000000,0.9581,0.0000,0.6471
34,100,-38.0000,0,-1,0,-1,66,38,timeout,0,4.694311,-0.057221,-0.393845,0.000000,0.000000,0.046536,0,0.000000,0.9569,0.0000,0.6286
35,28,-42.8000,1,-1,0,-1,-1,16,trap_rush,0,4.384365,-0.081329,-0.426534,0.000000,0.000000,0.055561,0,0.000000,0.9556,0.0000,0.6389
36,100,-8.0000,0,-1,0,-1,12,-1,timeout,0,3.487701,0.034765,-0.394519,0.000000,0.000000,0.113891,0,0.000000,0.9543,0.0000,0.6216
37,30,-13.0000,1,-1,0,-1,-1,26,trap_rush,0,3.295696,-0.078401,-0.350119,0.000000,0.000000,0.049259,0,0.000000,0.9531,0.0000,0.6316
38,100,-28.0000,0,-1,0,-1,24,6,timeout,0,4.316032,-0.042422,-0.432307,0.000000,0.000000,0.070001,0,0.000000,0.9518,0.0000,0.6154
39,20,-2.0000,1,-1,0,-1,-1,18,trap_rush,0,3.458787,0.009833,-0.374931,0.000000,0.000000,0.143758,0,0.000000,0.9505,0.0000,0.6250
40,10,-11.0000,1,-1,0,-1,-1,6,trap_rush,0,3.286021,0.114471,-0.395143,0.000000,0.000000,0.138815,0,0.000000,0.9493,0.0000,0.6341
41,100,-29.0000,0,-1,0,-1,4,82,timeout,0,3.432471,0.010549,-0.373434,0.000000,0.000000,0.071712,0,0.000000,0.9480,0.0000,0.6190
42,22,-32.2000,1,-1,0,-1,-1,14,trap_rush,0,3.964667,-0.042823,-0.335035,0.000000,0.000000,0.115981,0,0.000000,0.9467,0.0000,0.6279
43,100,-109.0000,0,-1,0,-1,8,22,timeout,0,3.895200,-0.047837,-0.377569,0.000000,0.000000,0.032996,0,0.000000,0.9455,0.0000,0.6136
44,16,-1.6000,1,-1,0,-1,-1,14,trap_rush,0,4.618015,0.071302,-0.424842,0.000000,0.000000,0.135342,0,0.000000,0.9442,0.0000,0.6222
45,18,-11.8000,1,-1,0,-1,-1,14,trap_rush,0,3.724699,0.170404,-0.410502,0.000000,0.000000,0.204214,0,0.000000,0.9429,0.0000,0.6304
46,30,-13.0000,1,-1,0,-1,-1,26,trap_rush,0,4.242772,-0.022193,-0.343008,0.000000,0.000000,0.034129,0,0.000000,0.9417,0.0000,0.6383
47,100,-8.0000,0,-1,0,-1,6,-1,timeout,0,4.319617,-0.006564,-0.344851,0.000000,0.000000,0.039610,0,0.000000,0.9404,0.0000,0.6250
48,14,-1.4000,1,-1,0,-1,-1,12,trap_rush,0,3.876251,-0.013186,-0.325126,0.000000,0.000000,-0.001910,0,0.000000,0.9391,0.0000,0.6327
49,100,-18.0000,0,-1,0,-1,48,28,timeout,0,4.484906,-0.060181,-0.387883,0.000000,0.000000,0.082636,0,0.000000,0.9379,0.0000,0.6200
50,100,-8.0000,0,-1,0,-1,10,-1,timeout,0,4.367697,0.031176,-0.436850,0.000000,0.000000,0.121329,0,0.000000,0.9366,0.0000,0.6078
51,16,-11.6000,1,-1,0,-1,-1,12,trap_rush,0,4.783308,-0.191536,-0.331166,0.000000,0.000000,0.052971,0,0.000000,0.9353,0.0000,0.6154
52,44,6.6000,1,-1,0,-1,6,42,shield_route,0,4.571707,-0.068502,-0.456692,0.000000,0.000000,0.006173,0,0.000000,0.9340,0.0000,0.6226
53,100,-9.0000,0,-1,0,-1,30,58,timeout,0,4.264634,0.041127,-0.401471,0.000000,0.000000,0.079083,0,0.000000,0.9328,0.0000,0.6111
54,100,-8.0000,0,-1,0,-1,60,-1,timeout,0,4.187762,-0.028658,-0.356402,0.000000,0.000000,0.104326,0,0.000000,0.9315,0.0000,0.6000
55,16,-11.6000,1,-1,0,-1,-1,10,trap_rush,0,3.058776,0.008772,-0.349862,0.000000,0.000000,0.005924,0,0.000000,0.9302,0.0000,0.6071
56,58,-24.8000,1,-1,0,-1,8,48,shield_route,0,3.473709,-0.003568,-0.358181,0.000000,0.000000,0.015385,0,0.000000,0.9290,0.0000,0.6140
57,100,-8.0000,0,-1,0,-1,4,-1,timeout,0,3.493191,-0.049325,-0.351364,0.000000,0.000000,0.023281,0,0.000000,0.9277,0.0000,0.6034
58,100,-9.0000,0,-1,0,-1,26,52,timeout,0,4.193362,-0.012644,-0.431782,0.000000,0.000000,0.089387,0,0.000000,0.9264,0.0000,0.5932
59,6,-0.6000,1,-1,0,-1,-1,4,trap_rush,0,5.986983,0.173160,-0.454910,0.000000,0.000000,0.052181,0,0.000000,0.9252,0.0000,0.6000
60,100,-8.0000,0,-1,0,-1,30,-1,timeout,0,3.431260,0.001922,-0.366043,0.000000,0.000000,0.092554,0,0.000000,0.9239,0.0000,0.5902
61,100,-19.0000,0,-1,0,-1,4,42,timeout,0,3.750721,0.034831,-0.390816,0.000000,0.000000,0.079334,0,0.000000,0.9226,0.0000,0.5806
62,100,-79.0000,0,-1,0,-1,30,14,timeout,0,3.103088,-0.024306,-0.308573,0.000000,0.000000,-0.028265,0,0.000000,0.9214,0.0000,0.5714
63,100,-59.0000,0,-1,0,-1,10,38,timeout,0,3.545341,-0.028931,-0.362881,0.000000,0.000000,-0.024684,0,0.000000,0.9201,0.0000,0.5625
64,100,-8.0000,0,-1,0,-1,14,-1,timeout,0,3.615377,-0.008498,-0.391572,0.000000,0.000000,0.116400,0,0.000000,0.9188,0.0000,0.5538
65,92,-8.2000,1,-1,0,-1,6,88,shield_route,0,3.079907,0.002213,-0.377239,0.000000,0.000000,0.045890,0,0.000000,0.9176,0.0000,0.5606
66,100,-9.0000,0,-1,0,-1,8,48,timeout,0,3.721085,-0.035161,-0.387036,0.000000,0.000000,0.103474,0,0.000000,0.9163,0.0000,0.5522
67,100,-8.0000,0,-1,0,-1,28,-1,timeout,0,3.355906,0.020199,-0.377650,0.000000,0.000000,0.062501,0,0.000000,0.9150,0.0000,0.5441
68,100,-69.0000,0,-1,0,-1,16,76,timeout,0,3.606002,-0.047239,-0.344037,0.000000,0.000000,0.014930,0,0.000000,0.9138,0.0000,0.5362
69,6,-0.6000,1,-1,0,-1,-1,4,trap_rush,0,2.469367,0.006703,-0.341022,0.000000,0.000000,0.073414,0,0.000000,0.9125,0.0000,0.5429
70,44,-64.4000,1,-1,0,-1,-1,18,trap_rush,0,3.220634,0.019530,-0.361382,0.000000,0.000000,0.095295,0,0.000000,0.9112,0.0000,0.5493
71,28,-92.8000,1,-1,0,-1,-1,4,trap_rush,0,3.104642,0.088994,-0.350364,0.000000,0.000000,0.193012,0,0.000000,0.9099,0.0000,0.5556
72,100,-8.0000,0,-1,0,-1,22,-1,timeout,0,3.261988,-0.052089,-0.373278,0.000000,0.000000,0.050526,0,0.000000,0.9087,0.0000,0.5479
73,54,-34.4000,1,-1,0,-1,26,4,other,0,3.398397,-0.010274,-0.362654,0.000000,0.000000,0.035057,0,0.000000,0.9074,0.0000,0.5541
74,100,-9.0000,0,-1,0,-1,12,58,timeout,0,3.323641,-0.034504,-0.348631,0.000000,0.000000,0.051765,0,0.000000,0.9061,0.0000,0.5467
75,50,-24.0000,1,-1,0,-1,10,26,shield_route,0,3.646630,-0.018973,-0.429356,0.000000,0.000000,0.089098,0,0.000000,0.9049,0.0000,0.5526
76,100,-68.0000,0,-1,0,-1,44,12,timeout,0,3.239457,-0.031369,-0.401898,0.000000,0.000000,0.033620,0,0.000000,0.9036,0.0000,0.5455
77,22,8.8000,1,-1,0,-1,10,20,shield_route,0,4.316247,-0.051050,-0.474491,0.000000,0.000000,0.086868,0,0.000000,0.9023,0.0000,0.5513
78,100,-19.0000,0,-1,0,-1,4,34,timeout,0,3.134553,0.013547,-0.465423,0.000000,0.000000,0.070276,0,0.000000,0.9011,0.0000,0.5443
79,100,-9.0000,0,-1,0,-1,6,44,timeout,0,3.149374,0.024563,-0.403697,0.000000,0.000000,0.090502,0,0.000000,0.8998,0.0000,0.5375
80,100,-18.0000,0,-1,0,-1,68,44,timeout,0,3.571231,-0.022587,-0.414420,0.000000,0.000000,0.049064,0,0.000000,0.8985,0.0000,0.5309
81,100,-8.0000,0,-1,0,-1,8,-1,timeout,0,3.435711,-0.030171,-0.408419,0.000000,0.000000,0.017410,0,0.000000,0.8973,0.0000,0.5244
82,54,-15.4000,1,-1,0,-1,-1,50,trap_rush,0,3.694345,-0.037646,-0.409540,0.000000,0.000000,0.130238,0,0.000000,0.8960,0.0000,0.5301
83,100,-9.0000,0,-1,0,-1,10,64,timeout,0,3.463424,-0.006523,-0.401613,0.000000,0.000000,0.004761,0,0.000000,0.8947,0.0000,0.5238
84,100,-8.0000,0,-1,0,-1,20,-1,timeout,0,3.752410,-0.017749,-0.435408,0.000000,0.000000,0.035123,0,0.000000,0.8935,0.0000,0.5176
85,100,-49.0000,0,-1,0,-1,12,40,timeout,0,3.121679,0.014167,-0.415045,0.000000,0.000000,0.098115,0,0.000000,0.8922,0.0000,0.5116
86,50,6.0000,1,-1,0,-1,8,48,shield_route,0,3.814245,-0.087901,-0.390568,0.000000,0.000000,0.088155,0,0.000000,0.8909,0.0000,0.5172
87,100,-38.0000,0,-1,0,-1,86,16,timeout,0,2.607333,0.042975,-0.399246,0.000000,0.000000,0.075686,0,0.000000,0.8897,0.0000,0.5114
88,100,-29.0000,1,-1,0,-1,16,72,shield_route,0,3.228542,-0.052806,-0.386756,0.000000,0.000000,0.038943,0,0.000000,0.8884,0.0000,0.5169
89,12,-21.2000,1,-1,0,-1,-1,6,trap_rush,0,3.500552,-0.001212,-0.415061,0.000000,0.000000,0.129419,0,0.000000,0.8871,0.0000,0.5222
90,100,-49.0000,0,-1,0,-1,6,54,timeout,0,3.405312,0.028557,-0.432666,0.000000,0.000000,0.099272,0,0.000000,0.8858,0.0000,0.5165
91,82,2.8000,1,-1,0,-1,8,80,shield_route,0,2.905957,-0.054760,-0.397866,0.000000,0.000000,0.063556,0,0.000000,0.8846,0.0000,0.5217
92,100,-8.0000,0,-1,0,-1,18,-1,timeout,0,3.105296,0.016761,-0.411127,0.000000,0.000000,0.088772,0,0.000000,0.8833,0.0000,0.5161
93,12,-31.2000,1,-1,0,-1,-1,4,trap_rush,0,4.402851,-0.232637,-0.358580,0.000000,0.000000,0.011507,0,0.000000,0.8820,0.0000,0.5213
94,66,4.4000,1,-1,0,-1,20,64,shield_route,0,2.949892,0.012253,-0.386263,0.000000,0.000000,-0.021763,0,0.000000,0.8808,0.0000,0.5263
95,14,-21.4000,1,-1,0,-1,-1,6,trap_rush,0,3.810238,-0.104473,-0.406991,0.000000,0.000000,0.026063,0,0.000000,0.8795,0.0000,0.5312
96,100,-9.0000,0,-1,0,-1,22,50,timeout,0,3.107240,0.011606,-0.433042,0.000000,0.000000,0.064378,0,0.000000,0.8782,0.0000,0.5258
97,100,-89.0000,0,-1,0,-1,12,82,timeout,0,3.171055,-0.042833,-0.404770,0.000000,0.000000,0.003911,0,0.000000,0.8770,0.0000,0.5204
98,22,-12.2000,1,-1,0,-1,-1,18,trap_rush,0,3.439671,-0.092665,-0.445864,0.000000,0.000000,-0.016938,0,0.000000,0.8757,0.0000,0.5253
99,16,-31.6000,1,-1,0,-1,-1,4,trap_rush,0,3.180675,-0.052212,-0.520880,0.000000,0.000000,0.234306,0,0.000000,0.8744,0.0000,0.5300
100,100,-8.0000,0,-1,0,-1,6,-1,timeout,0,3.012043,0.010314,-0.426694,0.000000,0.000000,0.049914,0,0.000000,0.8732,0.0000,0.5200
101,100,-8.0000,0,-1,0,-1,8,-1,timeout,0,2.904244,-0.022072,-0.444365,0.000000,0.000000,0.104529,0,0.000000,0.8719,0.0000,0.5200
102,100,-8.0000,0,-1,0,-1,46,-1,timeout,0,3.335080,-0.046214,-0.479889,0.000000,0.000000,0.054814,0,0.000000,0.8706,0.0000,0.5100
103,100,-8.0000,0,-1,0,-1,14,-1,timeout,0,3.483246,0.010147,-0.505825,0.000000,0.000000,0.162440,0,0.000000,0.8694,0.0000,0.5000
104,10,-1.0000,1,-1,0,-1,-1,8,trap_rush,0,2.137078,-0.019434,-0.439935,0.000000,0.000000,0.041843,0,0.000000,0.8681,0.0000,0.5000
105,100,-8.0000,0,-1,0,-1,26,-1,timeout,0,3.535824,-0.038302,-0.482597,0.000000,0.000000,0.040387,0,0.000000,0.8668,0.0000,0.5000
106,100,-8.0000,0,-1,0,-1,12,-1,timeout,0,3.029602,-0.002573,-0.458407,0.000000,0.000000,0.097213,0,0.000000,0.8656,0.0000,0.4900
107,100,-8.0000,0,-1,0,-1,10,-1,timeout,0,3.457307,0.001331,-0.481727,0.000000,0.000000,0.009103,0,0.000000,0.8643,0.0000,0.4800
108,100,-8.0000,0,-1,0,-1,14,-1,timeout,0,2.671841,0.007334,-0.433376,0.000000,0.000000,0.076933,0,0.000000,0.8630,0.0000,0.4700
109,100,-19.0000,0,-1,0,-1,4,66,timeout,0,2.990982,0.008805,-0.433848,0.000000,0.000000,0.056420,0,0.000000,0.8617,0.0000,0.4600
110,28,8.2000,1,-1,0,-1,4,26,shield_route,0,4.020221,-0.023529,-0.438446,0.000000,0.000000,0.056819,0,0.000000,0.8605,0.0000,0.4700
111,12,-1.2000,1,-1,0,-1,-1,10,trap_rush,0,2.327337,0.040980,-0.403707,0.000000,0.000000,0.156572,0,0.000000,0.8592,0.0000,0.4800
112,10,-1.0000,1,-1,0,-1,-1,8,trap_rush,0,4.544379,-0.006660,-0.393630,0.000000,0.000000,0.129385,0,0.000000,0.8579,0.0000,0.4800
113,10,-1.0000,1,-1,0,-1,-1,8,trap_rush,0,3.699800,-0.122516,-0.361045,0.000000,0.000000,-0.145386,0,0.000000,0.8567,0.0000,0.4900
114,100,-19.0000,0,-1,0,-1,18,62,timeout,0,3.007778,-0.021444,-0.404456,0.000000,0.000000,0.070852,0,0.000000,0.8554,0.0000,0.4800
115,100,-8.0000,0,-1,0,-1,66,-1,timeout,0,2.700311,-0.004416,-0.420487,0.000000,0.000000,0.092221,0,0.000000,0.8541,0.0000,0.4700
116,70,4.0000,1,-1,0,-1,10,68,shield_route,0,2.916965,-0.024799,-0.426461,0.000000,0.000000,0.106553,0,0.000000,0.8529,0.0000,0.4700
117,56,-14.6000,1,-1,0,-1,22,50,shield_route,0,3.048228,0.026215,-0.393354,0.000000,0.000000,0.040902,0,0.000000,0.8516,0.0000,0.4700
118,100,-19.0000,0,-1,0,-1,18,40,timeout,0,2.895495,-0.034593,-0.402725,0.000000,0.000000,0.066718,0,0.000000,0.8503,0.0000,0.4600
119,100,-8.0000,0,-1,0,-1,6,-1,timeout,0,2.697755,-0.013787,-0.438692,0.000000,0.000000,0.062622,0,0.000000,0.8491,0.0000,0.4500
120,100,-8.0000,0,-1,0,-1,28,-1,timeout,0,3.119695,-0.011596,-0.467997,0.000000,0.000000,0.028788,0,0.000000,0.8478,0.0000,0.4400
121,100,-8.0000,0,-1,0,-1,20,-1,timeout,0,2.610887,-0.022042,-0.451934,0.000000,0.000000,0.050442,0,0.000000,0.8465,0.0000,0.4300
122,16,-21.6000,1,-1,0,-1,-1,8,trap_rush,0,2.036506,0.084505,-0.470729,0.000000,0.000000,0.106611,0,0.000000,0.8453,0.0000,0.4400
123,88,-27.8000,1,-1,0,-1,4,80,shield_route,0,2.782415,0.004941,-0.402410,0.000000,0.000000,0.063145,0,0.000000,0.8440,0.0000,0.4400
124,100,-8.0000,0,-1,0,-1,24,-1,timeout,0,2.857820,-0.019829,-0.404444,0.000000,0.000000,0.040672,0,0.000000,0.8427,0.0000,0.4400
125,100,-8.0000,0,-1,0,-1,22,-1,timeout,0,2.698955,0.018791,-0.375517,0.000000,0.000000,0.051129,0,0.000000,0.8415,0.0000,0.4300
126,100,-8.0000,0,-1,0,-1,8,-1,timeout,0,3.006117,-0.021910,-0.410761,0.000000,0.000000,0.067586,0,0.000000,0.8402,0.0000,0.4300
127,100,-8.0000,0,-1,0,-1,8,-1,timeout,0,2.898448,-0.045694,-0.420462,0.000000,0.000000,0.058462,0,0.000000,0.8389,0.0000,0.4200
128,100,-49.0000,0,-1,0,-1,12,68,timeout,0,2.739747,-0.022056,-0.394976,0.000000,0.000000,0.032112,0,0.000000,0.8377,0.0000,0.4100
129,100,-38.0000,0,-1,0,-1,44,32,timeout,0,2.828783,0.033996,-0.447375,0.000000,0.000000,0.064861,0,0.000000,0.8364,0.0000,0.4000
130,12,-1.2000,1,-1,0,-1,-1,10,trap_rush,0,1.773782,0.081073,-0.363100,0.000000,0.000000,0.102903,0,0.000000,0.8351,0.0000,0.4100
131,100,-8.0000,0,-1,0,-1,24,-1,timeout,0,2.725542,-0.030981,-0.407637,0.000000,0.000000,0.043765,0,0.000000,0.8338,0.0000,0.4100
132,100,-8.0000,0,-1,0,-1,4,-1,timeout,0,2.587449,-0.020855,-0.424337,0.000000,0.000000,0.004552,0,0.000000,0.8326,0.0000,0.4100
133,100,-8.0000,0,-1,0,-1,4,-1,timeout,0,2.563243,-0.013504,-0.425176,0.000000,0.000000,0.064976,0,0.000000,0.8313,0.0000,0.4100
134,100,-19.0000,0,-1,0,-1,6,88,timeout,0,2.511768,-0.028792,-0.464089,0.000000,0.000000,0.086673,0,0.000000,0.8300,0.0000,0.4100
135,14,-1.4000,1,-1,0,-1,-1,12,trap_rush,0,3.054046,0.141932,-0.464146,0.000000,0.000000,0.105203,0,0.000000,0.8288,0.0000,0.4100
136,100,-28.0000,0,-1,0,-1,26,8,timeout,0,2.522966,-0.005564,-0.416152,0.000000,0.000000,0.005965,0,0.000000,0.8275,0.0000,0.4100
137,100,-8.0000,0,-1,0,-1,18,-1,timeout,0,2.721021,-0.008539,-0.442429,0.000000,0.000000,0.042586,0,0.000000,0.8262,0.0000,0.4000
138,100,-8.0000,0,-1,0,-1,10,-1,timeout,0,2.697938,-0.013733,-0.444835,0.000000,0.000000,0.036012,0,0.000000,0.8250,0.0000,0.4000
139,100,-8.0000,0,-1,0,-1,16,-1,timeout,0,3.140789,-0.014756,-0.436610,0.000000,0.000000,0.015253,0,0.000000,0.8237,0.0000,0.3900
140,38,-12.8000,1,-1,0,-1,6,32,shield_route,0,2.773529,-0.029999,-0.452262,0.000000,0.000000,-0.014767,0,0.000000,0.8224,0.0000,0.3900
141,12,-21.2000,1,-1,0,-1,-1,4,trap_rush,0,3.281195,0.022146,-0.524275,0.000000,0.000000,0.016352,0,0.000000,0.8212,0.0000,0.4000
142,12,-1.2000,1,-1,0,-1,-1,10,trap_rush,0,2.449381,0.011610,-0.472907,0.000000,0.000000,-0.049415,0,0.000000,0.8199,0.0000,0.4000
143,86,-7.6000,1,-1,0,-1,4,82,shield_route,0,2.455634,0.003750,-0.478381,0.000000,0.000000,0.069690,0,0.000000,0.8186,0.0000,0.4100
144,100,-8.0000,0,-1,0,-1,22,-1,timeout,0,2.686604,0.005126,-0.479560,0.000000,0.000000,0.049984,0,0.000000,0.8174,0.0000,0.4000
145,8,-0.8000,1,-1,0,-1,-1,6,trap_rush,0,1.562415,-0.049003,-0.427493,0.000000,0.000000,0.095065,0,0.000000,0.8161,0.0000,0.4000
146,100,-8.0000,0,-1,0,-1,8,-1,timeout,0,2.450710,-0.030354,-0.466661,0.000000,0.000000,0.000397,0,0.000000,0.8148,0.0000,0.3900
147,100,-8.0000,0,-1,0,-1,6,-1,timeout,0,2.324627,-0.014125,-0.515602,0.000000,0.000000,0.046282,0,0.000000,0.8136,0.0000,0.3900
148,100,-28.0000,0,-1,0,-1,64,10,timeout,0,2.161392,0.042349,-0.452508,0.000000,0.000000,0.046778,0,0.000000,0.8123,0.0000,0.3800
149,100,-8.0000,0,-1,0,-1,6,-1,timeout,0,2.856617,-0.043338,-0.468142,0.000000,0.000000,0.007933,0,0.000000,0.8110,0.0000,0.3800
150,10,-21.0000,1,-1,0,-1,-1,4,trap_rush,0,3.033466,-0.218404,-0.514064,0.000000,0.000000,0.025610,0,0.000000,0.8097,0.0000,0.3900
151,10,-11.0000,1,-1,0,-1,-1,6,trap_rush,0,2.801112,0.070244,-0.530837,0.000000,0.000000,-0.061139,0,0.000000,0.8085,0.0000,0.3900
152,12,-11.2000,1,-1,0,-1,-1,8,trap_rush,0,2.411601,-0.041670,-0.535086,0.000000,0.000000,0.161704,0,0.000000,0.8072,0.0000,0.3900
153,100,-19.0000,0,-1,0,-1,6,96,timeout,0,2.822540,0.005760,-0.490677,0.000000,0.000000,0.059634,0,0.000000,0.8059,0.0000,0.3900
154,100,-8.0000,0,-1,0,-1,6,-1,timeout,0,2.248290,0.000424,-0.445664,0.000000,0.000000,0.035975,0,0.000000,0.8047,0.0000,0.3900
155,62,4.8000,1,-1,0,-1,6,60,shield_route,0,2.374202,-0.040590,-0.455868,0.000000,0.000000,-0.001760,0,0.000000,0.8034,0.0000,0.3900
156,100,-48.0000,0,-1,0,-1,24,4,timeout,0,2.215014,-0.003950,-0.488841,0.000000,0.000000,0.065259,0,0.000000,0.8021,0.0000,0.3800
157,100,-8.0000,0,-1,0,-1,6,-1,timeout,0,2.192846,-0.019935,-0.456701,0.000000,0.000000,0.076044,0,0.000000,0.8009,0.0000,0.3800
158,100,-8.0000,0,-1,0,-1,10,-1,timeout,0,2.725769,-0.017328,-0.531816,0.000000,0.000000,0.004965,0,0.000000,0.7996,0.0000,0.3800
159,100,-18.0000,0,-1,0,-1,54,40,timeout,0,2.755358,-0.043472,-0.553797,0.000000,0.000000,0.074339,0,0.000000,0.7983,0.0000,0.3700
160,30,8.0000,1,-1,0,-1,8,28,shield_route,0,2.161854,0.092170,-0.556543,0.000000,0.000000,0.159188,0,0.000000,0.7971,0.0000,0.3800
161,100,-29.0000,0,-1,0,-1,6,34,timeout,0,2.491219,-0.011287,-0.514415,0.000000,0.000000,0.074571,0,0.000000,0.7958,0.0000,0.3800
162,100,-8.0000,0,-1,0,-1,16,-1,timeout,0,2.218629,-0.010687,-0.495159,0.000000,0.000000,0.047680,0,0.000000,0.7945,0.0000,0.3800
163,100,-9.0000,0,-1,0,-1,4,78,timeout,0,2.654614,-0.027705,-0.507781,0.000000,0.000000,0.057062,0,0.000000,0.7933,0.0000,0.3800
164,100,-8.0000,0,-1,0,-1,18,-1,timeout,0,2.697296,-0.003123,-0.528752,0.000000,0.000000,0.029947,0,0.000000,0.7920,0.0000,0.3800
165,52,5.8000,1,-1,0,-1,30,50,shield_route,0,2.515531,0.030581,-0.495756,0.000000,0.000000,0.055236,0,0.000000,0.7907,0.0000,0.3800
166,50,6.0000,1,-1,0,-1,8,48,shield_route,0,2.644918,-0.021434,-0.504898,0.000000,0.000000,0.027835,0,0.000000,0.7895,0.0000,0.3900
167,100,-58.0000,0,-1,0,-1,38,16,timeout,0,2.423428,-0.017122,-0.497253,0.000000,0.000000,0.071392,0,0.000000,0.7882,0.0000,0.3900
168,100,-8.0000,0,-1,0,-1,6,-1,timeout,0,2.288948,-0.004332,-0.517297,0.000000,0.000000,-0.010060,0,0.000000,0.7869,0.0000,0.3900
169,100,-8.0000,0,-1,0,-1,16,-1,timeout,0,2.874292,-0.032452,-0.534032,0.000000,0.000000,0.060272,0,0.000000,0.7856,0.0000,0.3800
170,100,-39.0000,0,-1,0,-1,8,16,timeout,0,2.512016,-0.019509,-0.563178,0.000000,0.000000,0.106709,0,0.000000,0.7844,0.0000,0.3700
171,10,-1.0000,1,-1,0,-1,-1,8,trap_rush,0,2.616931,0.081963,-0.527945,0.000000,0.000000,0.157631,0,0.000000,0.7831,0.0000,0.3700
172,100,-8.0000,0,-1,0,-1,4,-1,timeout,0,2.584274,-0.004881,-0.539664,0.000000,0.000000,0.024709,0,0.000000,0.7818,0.0000,0.3700
173,68,4.2000,1,-1,0,-1,6,66,shield_route,0,2.403803,-0.010332,-0.475452,0.000000,0.000000,-0.019552,0,0.000000,0.7806,0.0000,0.3700
174,100,-18.0000,0,-1,0,-1,20,8,timeout,0,2.481428,0.001658,-0.478272,0.000000,0.000000,0.060294,0,0.000000,0.7793,0.0000,0.3700
175,100,-8.0000,0,-1,0,-1,10,-1,timeout,0,2.349281,0.001206,-0.517855,0.000000,0.000000,0.028993,0,0.000000,0.7780,0.0000,0.3600
176,100,-8.0000,0,-1,0,-1,10,-1,timeout,0,2.311147,0.001542,-0.495526,0.000000,0.000000,0.036044,0,0.000000,0.7768,0.0000,0.3600
177,100,-8.0000,0,-1,0,-1,6,-1,timeout,0,2.522193,0.003944,-0.473140,0.000000,0.000000,0.064082,0,0.000000,0.7755,0.0000,0.3500
178,100,-8.0000,0,-1,0,-1,4,-1,timeout,0,2.301413,-0.026788,-0.474826,0.000000,0.000000,-0.006151,0,0.000000,0.7742,0.0000,0.3500
179,100,-8.0000,0,-1,0,-1,30,-1,timeout,0,2.478728,-0.015496,-0.512928,0.000000,0.000000,0.050797,0,0.000000,0.7730,0.0000,0.3500
180,100,-8.0000,0,-1,0,-1,14,-1,timeout,0,2.264225,-0.019945,-0.516578,0.000000,0.000000,0.053983,0,0.000000,0.7717,0.0000,0.3500
181,100,-8.0000,0,-1,0,-1,22,-1,timeout,0,2.241387,0.002947,-0.515795,0.000000,0.000000,0.006042,0,0.000000,0.7704,0.0000,0.3500
182,100,-8.0000,0,-1,0,-1,34,-1,timeout,0,2.506364,-0.036667,-0.539266,0.000000,0.000000,0.052489,0,0.000000,0.7692,0.0000,0.3400
183,100,-8.0000,0,-1,0,-1,22,-1,timeout,0,2.073420,0.032885,-0.532272,0.000000,0.000000,0.069236,0,0.000000,0.7679,0.0000,0.3400
184,100,-38.0000,0,-1,0,-1,38,12,timeout,0,2.072985,-0.024290,-0.497296,0.000000,0.000000,0.045620,0,0.000000,0.7666,0.0000,0.3400
185,100,-8.0000,0,-1,0,-1,14,-1,timeout,0,2.259920,-0.021950,-0.539336,0.000000,0.000000,0.057071,0,0.000000,0.7654,0.0000,0.3400
186,100,-39.0000,0,-1,0,-1,16,42,timeout,0,2.484313,-0.014052,-0.554239,0.000000,0.000000,0.026757,0,0.000000,0.7641,0.0000,0.3300
187,100,-8.0000,0,-1,0,-1,4,-1,timeout,0,2.011688,0.013476,-0.525699,0.000000,0.000000,0.045843,0,0.000000,0.7628,0.0000,0.3300
188,100,-8.0000,0,-1,0,-1,8,-1,timeout,0,2.087548,-0.030243,-0.539037,0.000000,0.000000,0.055691,0,0.000000,0.7615,0.0000,0.3200
189,100,-8.0000,0,-1,0,-1,8,-1,timeout,0,2.576376,0.002288,-0.513852,0.000000,0.000000,0.052109,0,0.000000,0.7603,0.0000,0.3100
190,100,-8.0000,0,-1,0,-1,6,-1,timeout,0,2.041343,-0.011531,-0.575598,0.000000,0.000000,0.004810,0,0.000000,0.7590,0.0000,0.3100
191,100,-8.0000,0,-1,0,-1,28,-1,timeout,0,2.012124,-0.004426,-0.569024,0.000000,0.000000,0.029038,0,0.000000,0.7577,0.0000,0.3000
192,18,-1.8000,1,-1,0,-1,-1,16,trap_rush,0,2.457395,-0.066248,-0.567115,0.000000,0.000000,0.050688,0,0.000000,0.7565,0.0000,0.3100
193,22,-42.2000,1,-1,0,-1,-1,10,trap_rush,0,2.324545,-0.022287,-0.608019,0.000000,0.000000,0.117577,0,0.000000,0.7552,0.0000,0.3100
194,100,-9.0000,0,-1,0,-1,12,64,timeout,0,2.082235,0.001261,-0.583669,0.000000,0.000000,0.008073,0,0.000000,0.7539,0.0000,0.3000
195,100,-8.0000,0,-1,0,-1,6,-1,timeout,0,2.156553,0.005108,-0.547827,0.000000,0.000000,-0.015001,0,0.000000,0.7527,0.0000,0.2900
196,100,-8.0000,0,-1,0,-1,6,-1,timeout,0,2.326547,-0.002309,-0.590308,0.000000,0.000000,0.061895,0,0.000000,0.7514,0.0000,0.2900
197,100,-8.0000,0,-1,0,-1,8,-1,timeout,0,1.979680,-0.016393,-0.561536,0.000000,0.000000,-0.025666,0,0.000000,0.7501,0.0000,0.2900
198,100,-8.0000,0,-1,0,-1,6,-1,timeout,0,2.496437,0.000795,-0.583827,0.000000,0.000000,0.042969,0,0.000000,0.7489,0.0000,0.2800
199,100,-8.0000,0,-1,0,-1,10,-1,timeout,0,2.259858,-0.003646,-0.558449,0.000000,0.000000,0.040947,0,0.000000,0.7476,0.0000,0.2700
200,100,-58.0000,0,-1,0,-1,44,14,timeout,0,1.996134,-0.015908,-0.594834,0.000000,0.000000,0.041480,0,0.000000,0.7463,0.0000,0.2700
201,100,-8.0000,0,-1,0,-1,26,-1,timeout,0,2.011567,0.003953,-0.554190,0.000000,0.000000,0.001656,0,0.000000,0.7451,0.0000,0.2700
202,100,-8.0000,0,-1,0,-1,10,-1,timeout,0,2.033059,-0.013532,-0.586333,0.000000,0.000000,0.043541,0,0.000000,0.7438,0.0000,0.2700
203,100,-9.0000,0,-1,0,-1,12,78,timeout,0,1.978773,-0.020855,-0.633451,0.000000,0.000000,0.043075,0,0.000000,0.7425,0.0000,0.2700
204,100,-8.0000,0,-1,0,-1,4,-1,timeout,0,1.555241,0.003145,-0.605626,0.000000,0.000000,0.021447,0,0.000000,0.7413,0.0000,0.2600
205,100,-8.0000,0,-1,0,-1,16,-1,timeout,0,2.258864,-0.004593,-0.626972,0.000000,0.000000,0.056767,0,0.000000,0.7400,0.0000,0.2600
206,100,-8.0000,0,-1,0,-1,16,-1,timeout,0,2.062041,-0.024244,-0.609378,0.000000,0.000000,0.071675,0,0.000000,0.7387,0.0000,0.2600
207,100,-8.0000,0,-1,0,-1,18,-1,timeout,0,2.239330,-0.005329,-0.654972,0.000000,0.000000,0.052178,0,0.000000,0.7374,0.0000,0.2600
208,100,-8.0000,0,-1,0,-1,34,-1,timeout,0,2.154255,0.014399,-0.622215,0.000000,0.000000,0.036234,0,0.000000,0.7362,0.0000,0.2600
209,100,-8.0000,0,-1,0,-1,6,-1,timeout,0,2.127769,-0.018460,-0.623287,0.000000,0.000000,-0.004295,0,0.000000,0.7349,0.0000,0.2600
210,100,-8.0000,0,-1,0,-1,16,-1,timeout,0,2.073637,-0.022221,-0.612767,0.000000,0.000000,0.026924,0,0.000000,0.7336,0.0000,0.2500
211,100,-49.0000,0,-1,0,-1,26,90,timeout,0,2.028974,0.004877,-0.615455,0.000000,0.000000,0.034800,0,0.000000,0.7324,0.0000,0.2400
212,100,-8.0000,0,-1,0,-1,6,-1,timeout,0,2.040268,-0.019141,-0.654526,0.000000,0.000000,0.062321,0,0.000000,0.7311,0.0000,0.2300
213,100,-8.0000,0,-1,0,-1,10,-1,timeout,0,1.784276,0.007581,-0.634060,0.000000,0.000000,0.040885,0,0.000000,0.7298,0.0000,0.2200
214,56,5.4000,1,-1,0,-1,18,54,shield_route,0,1.895354,-0.030011,-0.648073,0.000000,0.000000,0.032538,0,0.000000,0.7286,0.0000,0.2300
215,30,-13.0000,1,-1,0,-1,-1,26,trap_rush,0,2.143663,-0.014672,-0.624609,0.000000,0.000000,0.027467,0,0.000000,0.7273,0.0000,0.2400
216,8,-10.8000,1,-1,0,-1,-1,4,trap_rush,0,1.295242,0.026252,-0.636164,0.000000,0.000000,0.065244,0,0.000000,0.7260,0.0000,0.2400
217,6,-0.6000,1,-1,0,-1,-1,4,trap_rush,0,1.598464,-0.099875,-0.641413,0.000000,0.000000,0.024062,0,0.000000,0.7248,0.0000,0.2400
218,100,-19.0000,0,-1,0,-1,12,78,timeout,0,1.778869,-0.000974,-0.667557,0.000000,0.000000,0.034964,0,0.000000,0.7235,0.0000,0.2400
219,100,-8.0000,0,-1,0,-1,8,-1,timeout,0,2.064820,-0.023898,-0.642510,0.000000,0.000000,0.022260,0,0.000000,0.7222,0.0000,0.2400
220,100,-8.0000,0,-1,0,-1,10,-1,timeout,0,1.778311,0.005680,-0.651170,0.000000,0.000000,0.038472,0,0.000000,0.7210,0.0000,0.2400
221,100,-8.0000,0,-1,0,-1,30,-1,timeout,0,2.046716,-0.012259,-0.656720,0.000000,0.000000,0.045801,0,0.000000,0.7197,0.0000,0.2400
222,100,-8.0000,0,-1,0,-1,16,-1,timeout,0,1.907237,-0.011126,-0.615740,0.000000,0.000000,0.012624,0,0.000000,0.7184,0.0000,0.2300
223,100,-8.0000,0,-1,0,-1,4,-1,timeout,0,1.858462,-0.005472,-0.622957,0.000000,0.000000,0.022507,0,0.000000,0.7172,0.0000,0.2200
224,100,-78.0000,0,-1,0,-1,34,6,timeout,0,2.031922,-0.007022,-0.651603,0.000000,0.000000,0.027134,0,0.000000,0.7159,0.0000,0.2200
225,100,-8.0000,0,-1,0,-1,16,-1,timeout,0,1.518866,-0.003401,-0.624581,0.000000,0.000000,0.062820,0,0.000000,0.7146,0.0000,0.2200
226,100,-18.0000,0,-1,0,-1,28,12,timeout,0,1.755690,0.003122,-0.654054,0.000000,0.000000,0.011941,0,0.000000,0.7134,0.0000,0.2200
227,100,-8.0000,0,-1,0,-1,6,-1,timeout,0,1.666008,-0.025315,-0.635218,0.000000,0.000000,0.059145,0,0.000000,0.7121,0.0000,0.2200
228,100,-8.0000,0,-1,0,-1,8,-1,timeout,0,2.032055,0.006530,-0.693250,0.000000,0.000000,0.083764,0,0.000000,0.7108,0.0000,0.2200
229,100,-8.0000,0,-1,0,-1,8,-1,timeout,0,1.824069,-0.003349,-0.615746,0.000000,0.000000,0.038991,0,0.000000,0.7095,0.0000,0.2200
230,100,-9.0000,0,-1,0,-1,6,52,timeout,0,1.909641,-0.011595,-0.625687,0.000000,0.000000,0.022596,0,0.000000,0.7083,0.0000,0.2100
231,100,-8.0000,0,-1,0,-1,10,-1,timeout,0,2.133140,-0.019893,-0.667214,0.000000,0.000000,0.067856,0,0.000000,0.7070,0.0000,0.2100
232,100,-8.0000,0,-1,0,-1,4,-1,timeout,0,1.817188,-0.008664,-0.640080,0.000000,0.000000,0.032280,0,0.000000,0.7057,0.0000,0.2100
233,100,-8.0000,0,-1,0,-1,8,-1,timeout,0,1.976717,0.002454,-0.647686,0.000000,0.000000,0.038627,0,0.000000,0.7045,0.0000,0.2100
234,100,-8.0000,0,-1,0,-1,8,-1,timeout,0,1.518641,-0.007310,-0.658438,0.000000,0.000000,0.034054,0,0.000000,0.7032,0.0000,0.2100
235,100,-18.0000,0,-1,0,-1,14,6,timeout,0,1.951080,-0.010176,-0.672388,0.000000,0.000000,0.041498,0,0.000000,0.7019,0.0000,0.2000
236,100,-8.0000,0,-1,0,-1,6,-1,timeout,0,1.909247,-0.038726,-0.715393,0.000000,0.000000,0.025152,0,0.000000,0.7007,0.0000,0.2000
237,100,-9.0000,0,-1,0,-1,4,64,timeout,0,1.861974,-0.000481,-0.706766,0.000000,0.000000,0.031297,0,0.000000,0.6994,0.0000,0.2000
238,100,-8.0000,0,-1,0,-1,4,-1,timeout,0,2.012312,-0.003109,-0.733511,0.000000,0.000000,0.060115,0,0.000000,0.6981,0.0000,0.2000
239,100,-19.0000,0,-1,0,-1,10,82,timeout,0,1.579076,-0.008095,-0.709461,0.000000,0.000000,0.025926,0,0.000000,0.6969,0.0000,0.2000
240,100,-8.0000,0,-1,0,-1,4,-1,timeout,0,1.915953,-0.008097,-0.722424,0.000000,0.000000,0.027891,0,0.000000,0.6956,0.0000,0.1900
241,100,-8.0000,0,-1,0,-1,4,-1,timeout,0,1.812983,-0.010785,-0.718177,0.000000,0.000000,-0.000221,0,0.000000,0.6943,0.0000,0.1800
242,100,-8.0000,0,-1,0,-1,16,-1,timeout,0,1.942819,0.000333,-0.711490,0.000000,0.000000,0.028660,0,0.000000,0.6931,0.0000,0.1700
243,100,-29.0000,0,-1,0,-1,6,90,timeout,0,1.650705,-0.008367,-0.715752,0.000000,0.000000,0.062757,0,0.000000,0.6918,0.0000,0.1600
244,100,-8.0000,0,-1,0,-1,12,-1,timeout,0,1.328293,0.010587,-0.708507,0.000000,0.000000,0.024552,0,0.000000,0.6905,0.0000,0.1600
245,100,-8.0000,0,-1,0,-1,4,-1,timeout,0,1.818395,-0.023284,-0.719608,0.000000,0.000000,0.018209,0,0.000000,0.6893,0.0000,0.1500
246,100,-39.0000,0,-1,0,-1,6,34,timeout,0,1.491460,0.004323,-0.729079,0.000000,0.000000,0.046861,0,0.000000,0.6880,0.0000,0.1500
247,100,-8.0000,0,-1,0,-1,12,-1,timeout,0,2.307719,-0.010364,-0.750300,0.000000,0.000000,0.039358,0,0.000000,0.6867,0.0000,0.1500
248,100,-8.0000,0,-1,0,-1,16,-1,timeout,0,1.842872,-0.022139,-0.723696,0.000000,0.000000,0.069918,0,0.000000,0.6854,0.0000,0.1500
249,100,-8.0000,0,-1,0,-1,26,-1,timeout,0,1.881050,-0.010092,-0.734594,0.000000,0.000000,0.030239,0,0.000000,0.6842,0.0000,0.1500
250,100,-8.0000,0,-1,0,-1,12,-1,timeout,0,2.010518,-0.006956,-0.731974,0.000000,0.000000,-0.017608,0,0.000000,0.6829,0.0000,0.1400
251,100,-9.0000,0,-1,0,-1,30,90,timeout,0,1.967627,0.004551,-0.719752,0.000000,0.000000,0.019425,0,0.000000,0.6816,0.0000,0.1300
252,100,-8.0000,0,-1,0,-1,12,-1,timeout,0,1.207311,0.025046,-0.702060,0.000000,0.000000,0.067482,0,0.000000,0.6804,0.0000,0.1200
253,100,-8.0000,0,-1,0,-1,6,-1,timeout,0,1.749803,-0.013861,-0.682741,0.000000,0.000000,0.018283,0,0.000000,0.6791,0.0000,0.1200
254,100,-8.0000,0,-1,0,-1,4,-1,timeout,0,1.595590,-0.016514,-0.724165,0.000000,0.000000,-0.024465,0,0.000000,0.6778,0.0000,0.1200
255,100,-8.0000,0,-1,0,-1,4,-1,timeout,0,1.940214,-0.008035,-0.761817,0.000000,0.000000,0.024390,0,0.000000,0.6766,0.0000,0.1100
256,100,-8.0000,0,-1,0,-1,8,-1,timeout,0,1.398215,0.004463,-0.751310,0.000000,0.000000,0.024368,0,0.000000,0.6753,0.0000,0.1100
257,100,-9.0000,0,-1,0,-1,4,90,timeout,0,1.403551,-0.031164,-0.776116,0.000000,0.000000,-0.003916,0,0.000000,0.6740,0.0000,0.1100
258,100,-8.0000,0,-1,0,-1,38,-1,timeout,0,1.903489,-0.009440,-0.785116,0.000000,0.000000,0.062118,0,0.000000,0.6728,0.0000,0.1100
259,100,-8.0000,0,-1,0,-1,12,-1,timeout,0,1.649646,0.019939,-0.776613,0.000000,0.000000,0.004768,0,0.000000,0.6715,0.0000,0.1100
260,100,-8.0000,0,-1,0,-1,22,-1,timeout,0,1.574577,-0.013304,-0.789549,0.000000,0.000000,0.007212,0,0.000000,0.6702,0.0000,0.1000
261,100,-8.0000,0,-1,0,-1,8,-1,timeout,0,1.867890,-0.000351,-0.782156,0.000000,0.000000,0.002466,0,0.000000,0.6690,0.0000,0.1000
262,28,-82.8000,1,-1,0,-1,-1,4,trap_rush,0,1.440519,0.013852,-0.755448,0.000000,0.000000,0.039005,0,0.000000,0.6677,0.0000,0.1100
263,100,-8.0000,0,-1,0,-1,6,-1,timeout,0,1.713823,-0.022521,-0.794725,0.000000,0.000000,0.039460,0,0.000000,0.6664,0.0000,0.1100
264,6,-0.6000,1,-1,0,-1,-1,4,trap_rush,0,2.116175,-0.026212,-0.823974,0.000000,0.000000,-0.002180,0,0.000000,0.6652,0.0000,0.1200
265,100,-8.0000,0,-1,0,-1,8,-1,timeout,0,1.846623,-0.013644,-0.801050,0.000000,0.000000,0.063748,0,0.000000,0.6639,0.0000,0.1100
266,94,-8.4000,1,-1,0,-1,6,90,shield_route,0,1.550464,-0.002439,-0.820708,0.000000,0.000000,0.027468,0,0.000000,0.6626,0.0000,0.1100
267,12,-1.2000,1,-1,0,-1,-1,10,trap_rush,0,2.094139,0.092188,-0.853213,0.000000,0.000000,0.102330,0,0.000000,0.6613,0.0000,0.1200
268,100,-8.0000,0,-1,0,-1,6,-1,timeout,0,1.694232,-0.021426,-0.849047,0.000000,0.000000,0.009917,0,0.000000,0.6601,0.0000,0.1200
269,100,-8.0000,0,-1,0,-1,16,-1,timeout,0,1.441282,-0.010744,-0.874828,0.000000,0.000000,0.038001,0,0.000000,0.6588,0.0000,0.1200
270,100,-9.0000,0,-1,0,-1,6,50,timeout,0,1.799314,0.005019,-0.875491,0.000000,0.000000,0.042852,0,0.000000,0.6575,0.0000,0.1200
271,100,-18.0000,0,-1,0,-1,66,32,timeout,0,1.533288,-0.019526,-0.846152,0.000000,0.000000,0.020737,0,0.000000,0.6563,0.0000,0.1100
272,100,-8.0000,0,-1,0,-1,14,-1,timeout,0,1.676718,0.000333,-0.885700,0.000000,0.000000,0.041297,0,0.000000,0.6550,0.0000,0.1100
273,100,-8.0000,0,-1,0,-1,6,-1,timeout,0,1.692182,-0.004949,-0.888439,0.000000,0.000000,0.021713,0,0.000000,0.6537,0.0000,0.1000
274,100,-18.0000,0,-1,0,-1,38,18,timeout,0,1.681814,0.014685,-0.850683,0.000000,0.000000,-0.008931,0,0.000000,0.6525,0.0000,0.1000
275,62,-25.2000,1,-1,0,-1,42,4,other,0,1.481364,-0.013808,-0.817756,0.000000,0.000000,0.008056,0,0.000000,0.6512,0.0000,0.1100
276,76,3.4000,1,-1,0,-1,8,74,shield_route,0,1.648497,0.007767,-0.857290,0.000000,0.000000,0.038954,0,0.000000,0.6499,0.0000,0.1200
277,100,-19.0000,0,-1,0,-1,4,24,timeout,0,1.591072,-0.038884,-0.831972,0.000000,0.000000,0.050882,0,0.000000,0.6487,0.0000,0.1200
278,100,-8.0000,0,-1,0,-1,10,-1,timeout,0,1.255792,0.005326,-0.846354,0.000000,0.000000,0.050177,0,0.000000,0.6474,0.0000,0.1200
279,100,-8.0000,0,-1,0,-1,4,-1,timeout,0,1.537953,-0.000686,-0.848562,0.000000,0.000000,0.006424,0,0.000000,0.6461,0.0000,0.1200
280,100,-8.0000,0,-1,0,-1,4,-1,timeout,0,1.458020,-0.011605,-0.870456,0.000000,0.000000,0.017162,0,0.000000,0.6449,0.0000,0.1200
281,100,-8.0000,0,-1,0,-1,12,-1,timeout,0,1.293367,0.007533,-0.877889,0.000000,0.000000,0.004413,0,0.000000,0.6436,0.0000,0.1200
282,100,-8.0000,0,-1,0,-1,10,-1,timeout,0,1.362296,0.006284,-0.847601,0.000000,0.000000,0.047300,0,0.000000,0.6423,0.0000,0.1200
283,100,-8.0000,0,-1,0,-1,4,-1,timeout,0,1.728028,-0.030854,-0.839019,0.000000,0.000000,0.026502,0,0.000000,0.6411,0.0000,0.1200
284,96,-8.6000,1,-1,0,-1,20,92,shield_route,0,1.724174,-0.001325,-0.868528,0.000000,0.000000,0.037132,0,0.000000,0.6398,0.0000,0.1300
285,100,-8.0000,0,-1,0,-1,6,-1,timeout,0,1.509948,-0.007909,-0.868744,0.000000,0.000000,0.018336,0,0.000000,0.6385,0.0000,0.1300
286,34,-32.4000,1,-1,0,-1,4,24,shield_route,0,1.937869,-0.078445,-0.905070,0.000000,0.000000,-0.020109,0,0.000000,0.6372,0.0000,0.1400
287,100,-8.0000,0,-1,0,-1,4,-1,timeout,0,1.346142,0.014271,-0.889315,0.000000,0.000000,0.026734,0,0.000000,0.6360,0.0000,0.1400
288,100,-8.0000,0,-1,0,-1,4,-1,timeout,0,1.662600,-0.022942,-0.910395,0.000000,0.000000,0.001478,0,0.000000,0.6347,0.0000,0.1400
289,100,-8.0000,0,-1,0,-1,26,-1,timeout,0,1.995389,-0.007974,-0.982797,0.000000,0.000000,0.086642,0,0.000000,0.6334,0.0000,0.1400
290,100,-18.0000,0,-1,0,-1,20,8,timeout,0,1.327191,-0.000131,-0.918147,0.000000,0.000000,0.041111,0,0.000000,0.6322,0.0000,0.1400
291,100,-8.0000,0,-1,0,-1,6,-1,timeout,0,1.964010,-0.008484,-0.957294,0.000000,0.000000,0.017896,0,0.000000,0.6309,0.0000,0.1400
292,100,-8.0000,0,-1,0,-1,4,-1,timeout,0,1.377058,0.012388,-0.900034,0.000000,0.000000,0.002368,0,0.000000,0.6296,0.0000,0.1300
293,100,-8.0000,0,-1,0,-1,8,-1,timeout,0,1.687564,-0.022404,-0.934370,0.000000,0.000000,0.013392,0,0.000000,0.6284,0.0000,0.1200
294,100,-8.0000,0,-1,0,-1,16,-1,timeout,0,1.389104,-0.000166,-0.929195,0.000000,0.000000,-0.011915,0,0.000000,0.6271,0.0000,0.1200
295,100,-8.0000,0,-1,0,-1,4,-1,timeout,0,1.509606,0.014288,-0.920518,0.000000,0.000000,0.039966,0,0.000000,0.6258,0.0000,0.1200
296,100,-8.0000,0,-1,0,-1,10,-1,timeout,0,1.758647,-0.018732,-0.923994,0.000000,0.000000,0.042259,0,0.000000,0.6246,0.0000,0.1200
297,100,-8.0000,0,-1,0,-1,6,-1,timeout,0,1.210839,-0.000565,-0.887852,0.000000,0.000000,0.018107,0,0.000000,0.6233,0.0000,0.1200
298,100,-8.0000,0,-1,0,-1,4,-1,timeout,0,1.451770,-0.037667,-0.921584,0.000000,0.000000,0.036683,0,0.000000,0.6220,0.0000,0.1200
299,100,-8.0000,0,-1,0,-1,10,-1,timeout,0,1.483588,-0.010590,-0.977777,0.000000,0.000000,0.015216,0,0.000000,0.6208,0.0000,0.1200
300,100,-8.0000,0,-1,0,-1,34,-1,timeout,0,1.756797,-0.004561,-0.965994,0.000000,0.000000,0.029469,0,0.000000,0.6195,0.0000,0.1200
301,100,-8.0000,0,-1,0,-1,20,-1,timeout,0,1.702431,0.003530,-0.960929,0.000000,0.000000,0.027371,0,0.000000,0.6182,0.0000,0.1200
302,100,-8.0000,0,-1,0,-1,18,-1,timeout,0,2.073840,0.010610,-0.937080,0.000000,0.000000,0.013312,0,0.000000,0.6170,0.0000,0.1200
303,100,-8.0000,0,-1,0,-1,6,-1,timeout,0,1.166774,-0.021046,-0.924509,0.000000,0.000000,0.026316,0,0.000000,0.6157,0.0000,0.1200
304,100,-8.0000,0,-1,0,-1,4,-1,timeout,0,1.266209,-0.000514,-0.954618,0.000000,0.000000,0.048343,0,0.000000,0.6144,0.0000,0.1200
305,100,-8.0000,0,-1,0,-1,22,-1,timeout,0,1.469730,-0.007021,-0.939652,0.000000,0.000000,0.043122,0,0.000000,0.6132,0.0000,0.1200
306,100,-8.0000,0,-1,0,-1,18,-1,timeout,0,1.291606,-0.010256,-0.945823,0.000000,0.000000,-0.006202,0,0.000000,0.6119,0.0000,0.1200
307,100,-8.0000,0,-1,0,-1,6,-1,timeout,0,1.483756,-0.001884,-0.919547,0.000000,0.000000,0.030215,0,0.000000,0.6106,0.0000,0.1200
308,100,-28.0000,0,-1,0,-1,24,4,timeout,0,1.901665,0.001799,-0.912040,0.000000,0.000000,0.043755,0,0.000000,0.6093,0.0000,0.1200
309,100,-8.0000,0,-1,0,-1,8,-1,timeout,0,1.384908,0.005234,-0.932196,0.000000,0.000000,0.000896,0,0.000000,0.6081,0.0000,0.1200
310,14,-21.4000,1,-1,0,-1,-1,6,trap_rush,0,0.889641,-0.058252,-0.935847,0.000000,0.000000,0.034684,0,0.000000,0.6068,0.0000,0.1300
311,100,-8.0000,0,-1,0,-1,6,-1,timeout,0,1.562344,-0.004979,-0.952126,0.000000,0.000000,0.001208,0,0.000000,0.6055,0.0000,0.1300
312,76,3.4000,1,-1,0,-1,10,74,shield_route,0,1.298324,0.012967,-0.922868,0.000000,0.000000,0.025813,0,0.000000,0.6043,0.0000,0.1400
313,100,-8.0000,0,-1,0,-1,4,-1,timeout,0,1.303749,-0.009042,-0.937269,0.000000,0.000000,0.009066,0,0.000000,0.6030,0.0000,0.1400
314,100,-8.0000,0,-1,0,-1,4,-1,timeout,0,1.395358,0.000690,-0.937834,0.000000,0.000000,0.000684,0,0.000000,0.6017,0.0000,0.1300
315,12,-11.2000,1,-1,0,-1,-1,8,trap_rush,0,2.010656,-0.183039,-0.961902,0.000000,0.000000,-0.110081,0,0.000000,0.6005,0.0000,0.1300
316,100,-8.0000,0,-1,0,-1,4,-1,timeout,0,1.407835,0.013932,-0.940528,0.000000,0.000000,0.038912,0,0.000000,0.5992,0.0000,0.1200
317,100,-8.0000,0,-1,0,-1,4,-1,timeout,0,1.289150,0.005846,-0.939018,0.000000,0.000000,0.047470,0,0.000000,0.5979,0.0000,0.1100
318,100,-8.0000,0,-1,0,-1,4,-1,timeout,0,1.742478,-0.018074,-0.952508,0.000000,0.000000,0.010674,0,0.000000,0.5967,0.0000,0.1100
319,28,-1.8000,1,-1,0,-1,4,24,shield_route,0,1.829088,-0.028564,-0.979671,0.000000,0.000000,0.046090,0,0.000000,0.5954,0.0000,0.1200
320,100,-18.0000,0,-1,0,-1,20,8,timeout,0,1.254350,-0.023023,-0.957168,0.000000,0.000000,0.031613,0,0.000000,0.5941,0.0000,0.1200
321,100,-8.0000,0,-1,0,-1,4,-1,timeout,0,1.587959,-0.007173,-1.004446,0.000000,0.000000,0.023054,0,0.000000,0.5929,0.0000,0.1200
322,100,-8.0000,0,-1,0,-1,8,-1,timeout,0,1.695042,0.003371,-1.032844,0.000000,0.000000,0.047968,0,0.000000,0.5916,0.0000,0.1200
323,100,-8.0000,0,-1,0,-1,32,-1,timeout,0,1.579241,-0.017028,-1.032595,0.000000,0.000000,0.056293,0,0.000000,0.5903,0.0000,0.1200
324,100,-8.0000,0,-1,0,-1,22,-1,timeout,0,1.465980,-0.007381,-1.012647,0.000000,0.000000,0.027021,0,0.000000,0.5891,0.0000,0.1200
325,100,-8.0000,0,-1,0,-1,4,-1,timeout,0,1.157145,0.016457,-0.987356,0.000000,0.000000,0.010593,0,0.000000,0.5878,0.0000,0.1200
326,100,-8.0000,0,-1,0,-1,6,-1,timeout,0,1.074820,-0.007818,-0.954547,0.000000,0.000000,0.041695,0,0.000000,0.5865,0.0000,0.1200
327,100,-8.0000,0,-1,0,-1,6,-1,timeout,0,1.356086,-0.013578,-0.985895,0.000000,0.000000,0.032514,0,0.000000,0.5852,0.0000,0.1200
328,100,-8.0000,0,-1,0,-1,4,-1,timeout,0,1.480975,-0.010498,-0.998634,0.000000,0.000000,0.005536,0,0.000000,0.5840,0.0000,0.1200
329,100,-8.0000,0,-1,0,-1,12,-1,timeout,0,1.414832,0.012714,-1.009305,0.000000,0.000000,0.025512,0,0.000000,0.5827,0.0000,0.1200
330,100,-8.0000,0,-1,0,-1,12,-1,timeout,0,1.593343,-0.020457,-1.003729,0.000000,0.000000,0.027937,0,0.000000,0.5814,0.0000,0.1200
331,100,-8.0000,0,-1,0,-1,12,-1,timeout,0,1.427276,0.018941,-0.938470,0.000000,0.000000,0.040071,0,0.000000,0.5802,0.0000,0.1200
332,100,-8.0000,0,-1,0,-1,8,-1,timeout,0,1.331683,-0.004746,-0.902180,0.000000,0.000000,0.004747,0,0.000000,0.5789,0.0000,0.1200
333,100,-8.0000,0,-1,0,-1,10,-1,timeout,0,1.669757,-0.013409,-0.902969,0.000000,0.000000,0.038146,0,0.000000,0.5776,0.0000,0.1200
334,100,-8.0000,0,-1,0,-1,4,-1,timeout,0,1.362360,-0.002820,-0.935203,0.000000,0.000000,0.006259,0,0.000000,0.5764,0.0000,0.1200
335,100,-8.0000,0,-1,0,-1,10,-1,timeout,0,1.573572,-0.009310,-0.933943,0.000000,0.000000,0.061018,0,0.000000,0.5751,0.0000,0.1200
336,100,-8.0000,0,-1,0,-1,6,-1,timeout,0,1.582888,0.006277,-0.922487,0.000000,0.000000,0.038173,0,0.000000,0.5738,0.0000,0.1200
337,100,-8.0000,0,-1,0,-1,6,-1,timeout,0,1.088540,-0.007062,-0.928705,0.000000,0.000000,0.014620,0,0.000000,0.5726,0.0000,0.1200
338,100,-8.0000,0,-1,0,-1,16,-1,timeout,0,1.270492,-0.013372,-0.914102,0.000000,0.000000,0.050114,0,0.000000,0.5713,0.0000,0.1200
339,100,-8.0000,0,-1,0,-1,6,-1,timeout,0,1.256884,-0.014798,-0.924412,0.000000,0.000000,0.048117,0,0.000000,0.5700,0.0000,0.1200
340,100,-8.0000,0,-1,0,-1,8,-1,timeout,0,1.329539,0.001130,-0.922514,0.000000,0.000000,0.027418,0,0.000000,0.5688,0.0000,0.1200
341,100,-8.0000,0,-1,0,-1,6,-1,timeout,0,1.101398,-0.007140,-0.960840,0.000000,0.000000,0.007406,0,0.000000,0.5675,0.0000,0.1200
342,100,-8.0000,0,-1,0,-1,4,-1,timeout,0,1.574668,-0.007902,-0.997249,0.000000,0.000000,0.041975,0,0.000000,0.5662,0.0000,0.1200
343,100,-8.0000,0,-1,0,-1,4,-1,timeout,0,1.594459,-0.009880,-0.997129,0.000000,0.000000,0.026112,0,0.000000,0.5650,0.0000,0.1200
344,100,-8.0000,0,-1,0,-1,8,-1,timeout,0,1.413519,-0.003966,-0.988161,0.000000,0.000000,0.050489,0,0.000000,0.5637,0.0000,0.1200
345,100,-8.0000,0,-1,0,-1,12,-1,timeout,0,1.833089,-0.016546,-1.024036,0.000000,0.000000,0.009882,0,0.000000,0.5624,0.0000,0.1200
346,100,-8.0000,0,-1,0,-1,20,-1,timeout,0,1.538848,0.013390,-1.003954,0.000000,0.000000,0.039339,0,0.000000,0.5611,0.0000,0.1200
347,100,-8.0000,0,-1,0,-1,10,-1,timeout,0,1.619155,-0.017997,-0.973717,0.000000,0.000000,0.003523,0,0.000000,0.5599,0.0000,0.1200
348,100,-8.0000,0,-1,0,-1,8,-1,timeout,0,1.446194,-0.006371,-0.974777,0.000000,0.000000,0.037162,0,0.000000,0.5586,0.0000,0.1200
349,100,-8.0000,0,-1,0,-1,6,-1,timeout,0,1.295162,0.020173,-0.988998,0.000000,0.000000,0.002781,0,0.000000,0.5573,0.0000,0.1200
350,100,-8.0000,0,-1,0,-1,4,-1,timeout,0,1.097323,-0.006897,-0.969445,0.000000,0.000000,-0.011415,0,0.000000,0.5561,0.0000,0.1200
351,100,-8.0000,0,-1,0,-1,8,-1,timeout,0,1.315446,-0.018732,-1.022318,0.000000,0.000000,0.016821,0,0.000000,0.5548,0.0000,0.1200
352,100,-8.0000,0,-1,0,-1,6,-1,timeout,0,1.314287,0.009285,-1.018389,0.000000,0.000000,0.022874,0,0.000000,0.5535,0.0000,0.1200
353,100,-8.0000,0,-1,0,-1,6,-1,timeout,0,1.542841,-0.013693,-1.042637,0.000000,0.000000,-0.009484,0,0.000000,0.5523,0.0000,0.1200
354,100,-8.0000,0,-1,0,-1,6,-1,timeout,0,1.408869,-0.022267,-1.086531,0.000000,0.000000,0.032245,0,0.000000,0.5510,0.0000,0.1200
355,100,-8.0000,0,-1,0,-1,10,-1,timeout,0,1.114944,0.003679,-1.055449,0.000000,0.000000,0.058074,0,0.000000,0.5497,0.0000,0.1200
356,100,-8.0000,0,-1,0,-1,10,-1,timeout,0,1.276232,0.000656,-1.020468,0.000000,0.000000,0.012653,0,0.000000,0.5485,0.0000,0.1200
357,100,-8.0000,0,-1,0,-1,4,-1,timeout,0,1.306482,-0.009165,-1.024199,0.000000,0.000000,0.025310,0,0.000000,0.5472,0.0000,0.1200
358,100,-8.0000,0,-1,0,-1,4,-1,timeout,0,1.436009,-0.010882,-1.043458,0.000000,0.000000,0.051812,0,0.000000,0.5459,0.0000,0.1200
359,100,-8.0000,0,-1,0,-1,4,-1,timeout,0,1.643281,0.001319,-1.042725,0.000000,0.000000,0.006623,0,0.000000,0.5447,0.0000,0.1200
360,100,-8.0000,0,-1,0,-1,10,-1,timeout,0,1.312113,-0.019803,-1.059824,0.000000,0.000000,0.053030,0,0.000000,0.5434,0.0000,0.1200
361,6,-0.6000,1,-1,0,-1,-1,4,trap_rush,0,3.085537,-0.029527,-1.053488,0.000000,0.000000,0.051749,0,0.000000,0.5421,0.0000,0.1300
362,12,-1.2000,1,-1,0,-1,-1,10,trap_rush,0,1.496392,0.004505,-1.086883,0.000000,0.000000,-0.006613,0,0.000000,0.5409,0.0000,0.1300
363,100,-8.0000,0,-1,0,-1,4,-1,timeout,0,1.517176,-0.009187,-1.056702,0.000000,0.000000,0.040473,0,0.000000,0.5396,0.0000,0.1300
364,100,-8.0000,0,-1,0,-1,6,-1,timeout,0,1.612320,0.005514,-1.069412,0.000000,0.000000,-0.008192,0,0.000000,0.5383,0.0000,0.1200
365,100,-8.0000,0,-1,0,-1,4,-1,timeout,0,1.437290,-0.017311,-1.055897,0.000000,0.000000,0.040335,0,0.000000,0.5370,0.0000,0.1200
366,10,-11.0000,1,-1,0,-1,-1,6,trap_rush,0,1.434247,-0.080297,-1.080316,0.000000,0.000000,0.105377,0,0.000000,0.5358,0.0000,0.1200
367,18,-1.8000,1,-1,0,-1,-1,16,trap_rush,0,1.939284,-0.036664,-1.110641,0.000000,0.000000,-0.083234,0,0.000000,0.5345,0.0000,0.1200
368,10,-1.0000,1,-1,0,-1,-1,8,trap_rush,0,1.531264,0.016911,-1.118805,0.000000,0.000000,-0.050494,0,0.000000,0.5332,0.0000,0.1300
369,76,3.4000,1,-1,0,-1,6,74,shield_route,0,1.451422,0.023459,-1.059064,0.000000,0.000000,-0.009876,0,0.000000,0.5320,0.0000,0.1400
370,6,-0.6000,1,-1,0,-1,-1,4,trap_rush,0,2.859477,0.108232,-1.044002,0.000000,0.000000,0.032328,0,0.000000,0.5307,0.0000,0.1500
371,100,-8.0000,0,-1,0,-1,20,-1,timeout,0,1.239599,0.002664,-1.033125,0.000000,0.000000,0.008026,0,0.000000,0.5294,0.0000,0.1500
372,100,-9.0000,0,-1,0,-1,22,54,timeout,0,1.370375,-0.021934,-1.037015,0.000000,0.000000,-0.012510,0,0.000000,0.5282,0.0000,0.1500
373,100,-8.0000,0,-1,0,-1,4,-1,timeout,0,1.024510,0.016356,-1.052656,0.000000,0.000000,0.054522,0,0.000000,0.5269,0.0000,0.1500
374,12,-21.2000,1,-1,0,-1,-1,6,trap_rush,0,0.470740,-0.033483,-0.980554,0.000000,0.000000,-0.062536,0,0.000000,0.5256,0.0000,0.1600
375,8,-0.8000,1,-1,0,-1,-1,6,trap_rush,0,2.218856,-0.157491,-1.013688,0.000000,0.000000,-0.069448,0,0.000000,0.5244,0.0000,0.1600
376,100,-8.0000,0,-1,0,-1,10,-1,timeout,0,1.026145,0.013582,-1.041691,0.000000,0.000000,0.012894,0,0.000000,0.5231,0.0000,0.1500
377,100,-8.0000,0,-1,0,-1,8,-1,timeout,0,1.237292,-0.027407,-1.048054,0.000000,0.000000,0.015701,0,0.000000,0.5218,0.0000,0.1500
378,100,-8.0000,0,-1,0,-1,14,-1,timeout,0,1.253288,0.012146,-1.033398,0.000000,0.000000,-0.010352,0,0.000000,0.5206,0.0000,0.1500
379,100,-8.0000,0,-1,0,-1,4,-1,timeout,0,1.222754,-0.014811,-1.089446,0.000000,0.000000,-0.017524,0,0.000000,0.5193,0.0000,0.1500
380,100,-8.0000,0,-1,0,-1,6,-1,timeout,0,1.303500,0.000700,-1.074257,0.000000,0.000000,0.072121,0,0.000000,0.5180,0.0000,0.1500
381,100,-8.0000,0,-1,0,-1,10,-1,timeout,0,1.189213,-0.003371,-1.084980,0.000000,0.000000,0.039983,0,0.000000,0.5168,0.0000,0.1500
382,100,-8.0000,0,-1,0,-1,8,-1,timeout,0,1.538667,-0.023899,-1.088914,0.000000,0.000000,0.046300,0,0.000000,0.5155,0.0000,0.1500
383,100,-8.0000,0,-1,0,-1,6,-1,timeout,0,1.103756,0.004592,-1.062491,0.000000,0.000000,0.018464,0,0.000000,0.5142,0.0000,0.1500
384,100,-8.0000,0,-1,0,-1,12,-1,timeout,0,1.739445,-0.012264,-1.129632,0.000000,0.000000,0.025285,0,0.000000,0.5130,0.0000,0.1400
385,100,-8.0000,0,-1,0,-1,6,-1,timeout,0,1.055183,-0.006219,-1.077046,0.000000,0.000000,0.027200,0,0.000000,0.5117,0.0000,0.1400
386,100,-8.0000,0,-1,0,-1,6,-1,timeout,0,1.415718,-0.009776,-1.096011,0.000000,0.000000,0.029098,0,0.000000,0.5104,0.0000,0.1300
387,100,-8.0000,0,-1,0,-1,6,-1,timeout,0,1.223119,-0.005254,-1.095867,0.000000,0.000000,0.015658,0,0.000000,0.5091,0.0000,0.1300
388,100,-8.0000,0,-1,0,-1,8,-1,timeout,0,1.335961,-0.019308,-1.117658,0.000000,0.000000,0.037231,0,0.000000,0.5079,0.0000,0.1300
389,100,-8.0000,0,-1,0,-1,6,-1,timeout,0,1.253686,0.004577,-1.086230,0.000000,0.000000,0.003458,0,0.000000,0.5066,0.0000,0.1300
390,10,-11.0000,1,-1,0,-1,-1,6,trap_rush,0,0.958357,0.140397,-1.112575,0.000000,0.000000,-0.010436,0,0.000000,0.5053,0.0000,0.1400
391,100,-8.0000,0,-1,0,-1,6,-1,timeout,0,1.355329,-0.015588,-1.086448,0.000000,0.000000,0.021915,0,0.000000,0.5041,0.0000,0.1400
392,100,-8.0000,0,-1,0,-1,16,-1,timeout,0,1.079747,-0.005709,-1.118426,0.000000,0.000000,0.023804,0,0.000000,0.5028,0.0000,0.1400
393,100,-8.0000,0,-1,0,-1,4,-1,timeout,0,1.306736,-0.006002,-1.137018,0.000000,0.000000,0.024667,0,0.000000,0.5015,0.0000,0.1400
394,100,-8.0000,0,-1,0,-1,6,-1,timeout,0,1.577915,-0.026724,-1.131285,0.000000,0.000000,0.024891,0,0.000000,0.5003,0.0000,0.1400
395,100,-9.0000,0,-1,0,-1,4,94,timeout,0,1.218118,-0.005686,-1.127092,0.000000,0.000000,0.046456,0,0.000000,0.4990,0.0000,0.1400
396,100,-8.0000,0,-1,0,-1,8,-1,timeout,0,1.279776,0.005169,-1.108107,0.000000,0.000000,0.029141,0,0.000000,0.4977,0.0000,0.1400
397,100,-8.0000,0,-1,0,-1,6,-1,timeout,0,1.456057,-0.006913,-1.115105,0.000000,0.000000,0.030627,0,0.000000,0.4965,0.0000,0.1400
398,100,-8.0000,0,-1,0,-1,16,-1,timeout,0,0.896763,-0.002625,-1.072618,0.000000,0.000000,0.017867,0,0.000000,0.4952,0.0000,0.1400
399,100,-8.0000,0,-1,0,-1,24,-1,timeout,0,1.162394,0.005347,-1.102319,0.000000,0.000000,0.028930,0,0.000000,0.4939,0.0000,0.1400
400,100,-8.0000,0,-1,0,-1,4,-1,timeout,0,1.556511,-0.018300,-1.137154,0.000000,0.000000,0.023880,0,0.000000,0.4927,0.0000,0.1400
401,10,-21.0000,1,-1,0,-1,-1,4,trap_rush,0,1.115639,0.002706,-1.094976,0.000000,0.000000,0.089244,0,0.000000,0.4914,0.0000,0.1500
402,100,-8.0000,0,-1,0,-1,4,-1,timeout,0,1.289550,0.002547,-1.096099,0.000000,0.000000,0.037471,0,0.000000,0.4901,0.0000,0.1500
403,46,6.4000,1,-1,0,-1,8,44,shield_route,0,1.194686,-0.003632,-1.109227,0.000000,0.000000,0.042016,0,0.000000,0.4889,0.0000,0.1600
404,100,-8.0000,0,-1,0,-1,4,-1,timeout,0,1.508963,-0.021983,-1.160631,0.000000,0.000000,-0.002095,0,0.000000,0.4876,0.0000,0.1600
405,100,-8.0000,0,-1,0,-1,4,-1,timeout,0,1.232729,-0.004529,-1.139643,0.000000,0.000000,0.006168,0,0.000000,0.4863,0.0000,0.1600
406,52,-14.2000,1,-1,0,-1,10,46,shield_route,0,1.299520,0.019934,-1.136621,0.000000,0.000000,0.037907,0,0.000000,0.4850,0.0000,0.1700
407,10,-11.0000,1,-1,0,-1,-1,6,trap_rush,0,1.086679,-0.011842,-1.096215,0.000000,0.000000,-0.022784,0,0.000000,0.4838,0.0000,0.1800
408,100,-8.0000,0,-1,0,-1,4,-1,timeout,0,1.239709,-0.013791,-1.113253,0.000000,0.000000,0.023689,0,0.000000,0.4825,0.0000,0.1800
409,100,-8.0000,0,-1,0,-1,8,-1,timeout,0,1.310559,-0.014502,-1.134356,0.000000,0.000000,0.049256,0,0.000000,0.4812,0.0000,0.1800
410,10,-1.0000,1,-1,0,-1,-1,8,trap_rush,0,0.978004,-0.038902,-1.150243,0.000000,0.000000,0.038992,0,0.000000,0.4800,0.0000,0.1800
411,10,-11.0000,1,-1,0,-1,-1,6,trap_rush,0,0.994625,-0.002352,-1.183559,0.000000,0.000000,0.057608,0,0.000000,0.4787,0.0000,0.1900
412,100,-8.0000,0,-1,0,-1,4,-1,timeout,0,1.526499,0.010257,-1.171001,0.000000,0.000000,0.032225,0,0.000000,0.4774,0.0000,0.1800
413,100,-8.0000,0,-1,0,-1,4,-1,timeout,0,1.375850,-0.013439,-1.120770,0.000000,0.000000,-0.009261,0,0.000000,0.4762,0.0000,0.1800
414,100,-8.0000,0,-1,0,-1,4,-1,timeout,0,1.576623,0.006293,-1.132159,0.000000,0.000000,0.007623,0,0.000000,0.4749,0.0000,0.1800
415,100,-8.0000,0,-1,0,-1,8,-1,timeout,0,1.535211,-0.023173,-1.159724,0.000000,0.000000,-0.003966,0,0.000000,0.4736,0.0000,0.1700
416,100,-8.0000,0,-1,0,-1,4,-1,timeout,0,1.227779,-0.002400,-1.176744,0.000000,0.000000,0.030182,0,0.000000,0.4724,0.0000,0.1700
417,100,-8.0000,0,-1,0,-1,12,-1,timeout,0,1.468073,-0.010655,-1.156271,0.000000,0.000000,0.044802,0,0.000000,0.4711,0.0000,0.1700
418,100,-8.0000,0,-1,0,-1,8,-1,timeout,0,1.026568,0.013331,-1.143734,0.000000,0.000000,0.012978,0,0.000000,0.4698,0.0000,0.1700
419,100,-8.0000,0,-1,0,-1,8,-1,timeout,0,1.060698,-0.015039,-1.128177,0.000000,0.000000,0.012182,0,0.000000,0.4686,0.0000,0.1600
420,100,-8.0000,0,-1,0,-1,28,-1,timeout,0,1.393948,0.018090,-1.175972,0.000000,0.000000,-0.000106,0,0.000000,0.4673,0.0000,0.1600
421,100,-8.0000,0,-1,0,-1,4,-1,timeout,0,1.399929,-0.016710,-1.146193,0.000000,0.000000,-0.031895,0,0.000000,0.4660,0.0000,0.1600
422,100,-8.0000,0,-1,0,-1,4,-1,timeout,0,1.033618,0.003705,-1.148180,0.000000,0.000000,0.026103,0,0.000000,0.4648,0.0000,0.1600
423,100,-8.0000,0,-1,0,-1,6,-1,timeout,0,1.138761,0.011004,-1.136695,0.000000,0.000000,0.002905,0,0.000000,0.4635,0.0000,0.1600
424,100,-8.0000,0,-1,0,-1,8,-1,timeout,0,1.460920,-0.011335,-1.172160,0.000000,0.000000,-0.009433,0,0.000000,0.4622,0.0000,0.1600
425,100,-8.0000,0,-1,0,-1,4,-1,timeout,0,1.169782,-0.009693,-1.214481,0.000000,0.000000,0.038836,0,0.000000,0.4609,0.0000,0.1600
426,100,-8.0000,0,-1,0,-1,6,-1,timeout,0,1.194210,-0.005651,-1.181968,0.000000,0.000000,0.013646,0,0.000000,0.4597,0.0000,0.1600
427,8,-0.8000,1,-1,0,-1,-1,6,trap_rush,0,1.051215,0.007480,-1.187185,0.000000,0.000000,0.018063,0,0.000000,0.4584,0.0000,0.1700
428,6,-0.6000,1,-1,0,-1,-1,4,trap_rush,0,1.641317,-0.161119,-1.169628,0.000000,0.000000,-0.069392,0,0.000000,0.4571,0.0000,0.1800
429,8,-0.8000,1,-1,0,-1,-1,6,trap_rush,0,1.876470,0.105719,-1.194817,0.000000,0.000000,0.041967,0,0.000000,0.4559,0.0000,0.1900
430,100,-8.0000,0,-1,0,-1,4,-1,timeout,0,1.194708,-0.007446,-1.177361,0.000000,0.000000,0.001397,0,0.000000,0.4546,0.0000,0.1900
431,100,-8.0000,0,-1,0,-1,14,-1,timeout,0,1.049534,0.004736,-1.193326,0.000000,0.000000,0.005395,0,0.000000,0.4533,0.0000,0.1900
432,6,-0.6000,1,-1,0,-1,-1,4,trap_rush,0,1.011504,0.052148,-1.185317,0.000000,0.000000,0.071384,0,0.000000,0.4521,0.0000,0.2000
433,100,-8.0000,0,-1,0,-1,8,-1,timeout,0,1.237774,0.008143,-1.151849,0.000000,0.000000,0.009513,0,0.000000,0.4508,0.0000,0.2000
434,100,-8.0000,0,-1,0,-1,8,-1,timeout,0,1.524372,-0.029242,-1.201332,0.000000,0.000000,-0.022253,0,0.000000,0.4495,0.0000,0.2000
435,100,-8.0000,0,-1,0,-1,4,-1,timeout,0,1.190592,-0.006982,-1.200072,0.000000,0.000000,0.035438,0,0.000000,0.4483,0.0000,0.2000
436,100,-8.0000,0,-1,0,-1,4,-1,timeout,0,0.934760,-0.003609,-1.202651,0.000000,0.000000,0.006179,0,0.000000,0.4470,0.0000,0.2000
437,100,-8.0000,0,-1,0,-1,4,-1,timeout,0,1.229933,0.013437,-1.207211,0.000000,0.000000,0.020879,0,0.000000,0.4457,0.0000,0.2000
438,100,-8.0000,0,-1,0,-1,4,-1,timeout,0,1.208557,-0.008641,-1.172117,0.000000,0.000000,0.012906,0,0.000000,0.4445,0.0000,0.2000
439,12,-1.2000,1,-1,0,-1,-1,10,trap_rush,0,0.453820,0.006778,-1.198725,0.000000,0.000000,0.023571,0,0.000000,0.4432,0.0000,0.2100
440,10,-11.0000,1,-1,0,-1,-1,6,trap_rush,0,1.083780,-0.009098,-1.205751,0.000000,0.000000,0.016234,0,0.000000,0.4419,0.0000,0.2200
441,42,6.8000,1,-1,0,-1,8,40,shield_route,0,1.473824,-0.000490,-1.233580,0.000000,0.000000,0.064256,0,0.000000,0.4407,0.0000,0.2300
442,100,-8.0000,0,-1,0,-1,4,-1,timeout,0,1.114412,-0.011958,-1.216220,0.000000,0.000000,0.016027,0,0.000000,0.4394,0.0000,0.2300
443,100,-8.0000,0,-1,0,-1,4,-1,timeout,0,1.297386,-0.008921,-1.206399,0.000000,0.000000,0.023774,0,0.000000,0.4381,0.0000,0.2300
444,100,-8.0000,0,-1,0,-1,4,-1,timeout,0,1.517085,-0.011482,-1.207666,0.000000,0.000000,0.022043,0,0.000000,0.4368,0.0000,0.2300
445,100,-8.0000,0,-1,0,-1,14,-1,timeout,0,1.105075,0.003328,-1.221208,0.000000,0.000000,0.025170,0,0.000000,0.4356,0.0000,0.2300
446,100,-8.0000,0,-1,0,-1,8,-1,timeout,0,0.882060,0.012821,-1.192273,0.000000,0.000000,0.018284,0,0.000000,0.4343,0.0000,0.2300
447,100,-8.0000,0,-1,0,-1,4,-1,timeout,0,1.283877,-0.017312,-1.176398,0.000000,0.000000,0.021986,0,0.000000,0.4330,0.0000,0.2300
448,10,-1.0000,1,-1,0,-1,-1,8,trap_rush,0,0.527738,0.023741,-1.229215,0.000000,0.000000,-0.002342,0,0.000000,0.4318,0.0000,0.2400
449,100,-8.0000,0,-1,0,-1,12,-1,timeout,0,1.131508,-0.022949,-1.213089,0.000000,0.000000,0.027772,0,0.000000,0.4305,0.0000,0.2400
450,100,1.0000,1,-1,0,-1,8,98,shield_route,0,1.220763,0.006805,-1.206742,0.000000,0.000000,0.012948,0,0.000000,0.4292,0.0000,0.2500
451,100,-8.0000,0,-1,0,-1,8,-1,timeout,0,1.292465,-0.009304,-1.253828,0.000000,0.000000,0.014111,0,0.000000,0.4280,0.0000,0.2500
452,100,-8.0000,0,-1,0,-1,12,-1,timeout,0,0.967797,0.002884,-1.239826,0.000000,0.000000,-0.004549,0,0.000000,0.4267,0.0000,0.2500
453,100,-8.0000,0,-1,0,-1,4,-1,timeout,0,1.301368,0.001587,-1.236273,0.000000,0.000000,0.003148,0,0.000000,0.4254,0.0000,0.2500
454,100,-8.0000,0,-1,0,-1,4,-1,timeout,0,1.218492,0.005338,-1.213739,0.000000,0.000000,-0.003744,0,0.000000,0.4242,0.0000,0.2500
455,100,-8.0000,0,-1,0,-1,4,-1,timeout,0,1.243781,-0.010504,-1.244079,0.000000,0.000000,0.037037,0,0.000000,0.4229,0.0000,0.2500
456,100,-8.0000,0,-1,0,-1,16,-1,timeout,0,0.930674,-0.008145,-1.248065,0.000000,0.000000,0.026211,0,0.000000,0.4216,0.0000,0.2500
457,100,-8.0000,0,-1,0,-1,8,-1,timeout,0,1.300834,-0.013196,-1.267080,0.000000,0.000000,0.031352,0,0.000000,0.4204,0.0000,0.2500
458,100,-8.0000,0,-1,0,-1,10,-1,timeout,0,0.943738,-0.012159,-1.249192,0.000000,0.000000,0.017670,0,0.000000,0.4191,0.0000,0.2500
459,100,-8.0000,0,-1,0,-1,4,-1,timeout,0,1.130512,-0.007333,-1.248255,0.000000,0.000000,0.021709,0,0.000000,0.4178,0.0000,0.2500
460,100,-8.0000,0,-1,0,-1,4,-1,timeout,0,1.197608,0.002001,-1.291652,0.000000,0.000000,0.029582,0,0.000000,0.4166,0.0000,0.2500
461,100,-8.0000,0,-1,0,-1,8,-1,timeout,0,1.076041,-0.008770,-1.244318,0.000000,0.000000,0.004631,0,0.000000,0.4153,0.0000,0.2400
462,100,-8.0000,0,-1,0,-1,4,-1,timeout,0,1.437222,-0.002338,-1.279738,0.000000,0.000000,0.021378,0,0.000000,0.4140,0.0000,0.2300
463,100,-8.0000,0,-1,0,-1,4,-1,timeout,0,1.370490,0.005023,-1.248815,0.000000,0.000000,0.031149,0,0.000000,0.4128,0.0000,0.2300
464,100,-8.0000,0,-1,0,-1,6,-1,timeout,0,1.342562,-0.020742,-1.269382,0.000000,0.000000,-0.004261,0,0.000000,0.4115,0.0000,0.2300
465,100,-8.0000,0,-1,0,-1,6,-1,timeout,0,1.318371,0.000149,-1.257346,0.000000,0.000000,0.019053,0,0.000000,0.4102,0.0000,0.2300
466,100,-8.0000,0,-1,0,-1,6,-1,timeout,0,1.551952,-0.010543,-1.260826,0.000000,0.000000,0.037444,0,0.000000,0.4089,0.0000,0.2200
467,100,-8.0000,0,-1,0,-1,4,-1,timeout,0,1.330270,0.007449,-1.270380,0.000000,0.000000,0.016295,0,0.000000,0.4077,0.0000,0.2100
468,100,-8.0000,0,-1,0,-1,4,-1,timeout,0,1.225294,0.003568,-1.243456,0.000000,0.000000,0.014911,0,0.000000,0.4064,0.0000,0.2000
469,80,-17.0000,1,-1,0,-1,14,74,shield_route,0,1.141209,0.000414,-1.224070,0.000000,0.000000,0.000693,0,0.000000,0.4051,0.0000,0.2000
470,12,-11.2000,1,-1,0,-1,-1,8,trap_rush,0,1.113039,-0.014836,-1.264047,0.000000,0.000000,0.067114,0,0.000000,0.4039,0.0000,0.2000
471,8,-10.8000,1,-1,0,-1,-1,4,trap_rush,0,1.677125,-0.055066,-1.249035,0.000000,0.000000,0.000632,0,0.000000,0.4026,0.0000,0.2100
472,100,-8.0000,0,-1,0,-1,4,-1,timeout,0,1.203114,0.004007,-1.240496,0.000000,0.000000,0.027511,0,0.000000,0.4013,0.0000,0.2100
473,100,-8.0000,0,-1,0,-1,6,-1,timeout,0,1.361038,-0.020162,-1.284731,0.000000,0.000000,0.021295,0,0.000000,0.4001,0.0000,0.2100
474,100,-8.0000,0,-1,0,-1,4,-1,timeout,0,1.158412,0.002908,-1.271171,0.000000,0.000000,0.002033,0,0.000000,0.3988,0.0000,0.2000
475,100,-8.0000,0,-1,0,-1,4,-1,timeout,0,1.001130,-0.014792,-1.282487,0.000000,0.000000,0.008665,0,0.000000,0.3975,0.0000,0.1900
476,100,-8.0000,0,-1,0,-1,4,-1,timeout,0,1.189071,0.005405,-1.275215,0.000000,0.000000,0.029861,0,0.000000,0.3963,0.0000,0.1900
477,6,-0.6000,1,-1,0,-1,-1,4,trap_rush,0,0.868423,-0.049315,-1.275921,0.000000,0.000000,0.036116,0,0.000000,0.3950,0.0000,0.2000
478,6,-0.6000,1,-1,0,-1,-1,4,trap_rush,0,1.943702,0.028268,-1.253721,0.000000,0.000000,0.005289,0,0.000000,0.3937,0.0000,0.2100
479,100,-8.0000,0,-1,0,-1,4,-1,timeout,0,1.161097,-0.022231,-1.312727,0.000000,0.000000,0.003794,0,0.000000,0.3925,0.0000,0.2100
480,100,-8.0000,0,-1,0,-1,4,-1,timeout,0,1.117994,0.004798,-1.298096,0.000000,0.000000,-0.005406,0,0.000000,0.3912,0.0000,0.2100
481,100,-8.0000,0,-1,0,-1,10,-1,timeout,0,1.143445,0.017195,-1.279472,0.000000,0.000000,0.020384,0,0.000000,0.3899,0.0000,0.2100
482,100,-8.0000,0,-1,0,-1,4,-1,timeout,0,1.056109,-0.004095,-1.291554,0.000000,0.000000,-0.004330,0,0.000000,0.3887,0.0000,0.2100
483,100,-8.0000,0,-1,0,-1,10,-1,timeout,0,1.306736,-0.007701,-1.287635,0.000000,0.000000,0.013254,0,0.000000,0.3874,0.0000,0.2100
484,100,-8.0000,0,-1,0,-1,4,-1,timeout,0,1.325965,0.017120,-1.246683,0.000000,0.000000,-0.012716,0,0.000000,0.3861,0.0000,0.2100
485,100,-8.0000,0,-1,0,-1,4,-1,timeout,0,1.046965,-0.017683,-1.346266,0.000000,0.000000,-0.006271,0,0.000000,0.3848,0.0000,0.2100
486,10,-1.0000,1,-1,0,-1,-1,8,trap_rush,0,1.165487,0.059871,-1.381087,0.000000,0.000000,0.020058,0,0.000000,0.3836,0.0000,0.2200
487,100,-8.0000,0,-1,0,-1,8,-1,timeout,0,1.241125,-0.008491,-1.348350,0.000000,0.000000,0.043160,0,0.000000,0.3823,0.0000,0.2200
488,100,-8.0000,0,-1,0,-1,4,-1,timeout,0,1.193921,-0.021632,-1.384462,0.000000,0.000000,0.017354,0,0.000000,0.3810,0.0000,0.2200
489,100,-8.0000,0,-1,0,-1,12,-1,timeout,0,1.233930,0.004093,-1.361784,0.000000,0.000000,0.010580,0,0.000000,0.3798,0.0000,0.2200
490,100,-8.0000,0,-1,0,-1,4,-1,timeout,0,1.283691,-0.012354,-1.353375,0.000000,0.000000,0.006360,0,0.000000,0.3785,0.0000,0.2100
491,6,-0.6000,1,-1,0,-1,-1,4,trap_rush,0,1.384289,0.045659,-1.424166,0.000000,0.000000,0.072404,0,0.000000,0.3772,0.0000,0.2200
492,100,-8.0000,0,-1,0,-1,8,-1,timeout,0,1.251311,0.011824,-1.361240,0.000000,0.000000,0.015493,0,0.000000,0.3760,0.0000,0.2200
493,98,1.2000,1,-1,0,-1,4,96,shield_route,0,1.280980,-0.015754,-1.369596,0.000000,0.000000,0.016718,0,0.000000,0.3747,0.0000,0.2300
494,100,-8.0000,0,-1,0,-1,6,-1,timeout,0,1.513265,-0.004705,-1.392123,0.000000,0.000000,0.032160,0,0.000000,0.3734,0.0000,0.2300
495,8,-0.8000,1,-1,0,-1,-1,6,trap_rush,0,1.214201,-0.068068,-1.401438,0.000000,0.000000,0.025099,0,0.000000,0.3722,0.0000,0.2400
496,100,-8.0000,0,-1,0,-1,8,-1,timeout,0,1.165813,0.011338,-1.399046,0.000000,0.000000,0.035206,0,0.000000,0.3709,0.0000,0.2400
497,100,-8.0000,0,-1,0,-1,4,-1,timeout,0,1.295601,-0.003153,-1.354046,0.000000,0.000000,0.015406,0,0.000000,0.3696,0.0000,0.2400
498,100,-8.0000,0,-1,0,-1,6,-1,timeout,0,1.430933,-0.026234,-1.425106,0.000000,0.000000,0.019162,0,0.000000,0.3684,0.0000,0.2400
499,100,-8.0000,0,-1,0,-1,4,-1,timeout,0,1.133749,-0.006376,-1.419840,0.000000,0.000000,0.001493,0,0.000000,0.3671,0.0000,0.2400
500,100,-8.0000,0,-1,0,-1,6,-1,timeout,0,1.285947,-0.001755,-1.418836,0.000000,0.000000,0.011314,0,0.000000,0.3658,0.0000,0.2400
501,100,-8.0000,0,-1,0,-1,6,-1,timeout,0,1.416397,-0.017281,-1.414144,0.000000,0.000000,0.046710,0,0.000000,0.3646,0.0000,0.2300
502,100,-8.0000,0,-1,0,-1,6,-1,timeout,0,1.061016,-0.007127,-1.413278,0.000000,0.000000,0.008927,0,0.000000,0.3633,0.0000,0.2300
503,100,-8.0000,0,-1,0,-1,4,-1,timeout,0,1.152751,0.017926,-1.373351,0.000000,0.000000,0.003362,0,0.000000,0.3620,0.0000,0.2200
504,100,-8.0000,0,-1,0,-1,6,-1,timeout,0,0.936675,-0.007098,-1.387327,0.000000,0.000000,0.040933,0,0.000000,0.3607,0.0000,0.2200
505,100,-8.0000,0,-1,0,-1,4,-1,timeout,0,1.176688,-0.016618,-1.386453,0.000000,0.000000,0.015702,0,0.000000,0.3595,0.0000,0.2200
506,100,-8.0000,0,-1,0,-1,4,-1,timeout,0,1.100713,-0.003055,-1.407016,0.000000,0.000000,0.045835,0,0.000000,0.3582,0.0000,0.2100
507,100,-8.0000,0,-1,0,-1,4,-1,timeout,0,1.227858,-0.003685,-1.396221,0.000000,0.000000,-0.021833,0,0.000000,0.3569,0.0000,0.2000
508,100,-8.0000,0,-1,0,-1,4,-1,timeout,0,1.473060,-0.017090,-1.451836,0.000000,0.000000,0.006225,0,0.000000,0.3557,0.0000,0.2000
509,100,-8.0000,0,-1,0,-1,6,-1,timeout,0,0.959200,0.008779,-1.433954,0.000000,0.000000,0.009069,0,0.000000,0.3544,0.0000,0.2000
510,100,-8.0000,0,-1,0,-1,8,-1,timeout,0,0.906320,0.005653,-1.428494,0.000000,0.000000,-0.000414,0,0.000000,0.3531,0.0000,0.1900
511,100,-8.0000,0,-1,0,-1,4,-1,timeout,0,1.038216,-0.011282,-1.430718,0.000000,0.000000,0.025044,0,0.000000,0.3519,0.0000,0.1800
512,100,-8.0000,0,-1,0,-1,10,-1,timeout,0,1.306926,0.010824,-1.430057,0.000000,0.000000,0.013368,0,0.000000,0.3506,0.0000,0.1800
513,100,-8.0000,0,-1,0,-1,4,-1,timeout,0,1.190596,-0.008079,-1.434862,0.000000,0.000000,-0.010530,0,0.000000,0.3493,0.0000,0.1800
514,100,-8.0000,0,-1,0,-1,4,-1,timeout,0,0.959704,-0.007655,-1.415140,0.000000,0.000000,0.006945,0,0.000000,0.3481,0.0000,0.1800
515,100,-8.0000,0,-1,0,-1,4,-1,timeout,0,0.830685,-0.001472,-1.410073,0.000000,0.000000,-0.001368,0,0.000000,0.3468,0.0000,0.1800
516,6,-0.6000,1,-1,0,-1,-1,4,trap_rush,0,0.684730,0.159813,-1.433548,0.000000,0.000000,0.141520,0,0.000000,0.3455,0.0000,0.1900
517,100,-8.0000,0,-1,0,-1,6,-1,timeout,0,0.956232,-0.009419,-1.420301,0.000000,0.000000,0.011189,0,0.000000,0.3443,0.0000,0.1900
518,100,-8.0000,0,-1,0,-1,6,-1,timeout,0,1.214930,-0.005860,-1.425706,0.000000,0.000000,-0.027487,0,0.000000,0.3430,0.0000,0.1900
519,100,-8.0000,0,-1,0,-1,4,-1,timeout,0,1.150546,-0.012208,-1.481867,0.000000,0.000000,0.047270,0,0.000000,0.3417,0.0000,0.1900
520,100,-8.0000,0,-1,0,-1,4,-1,timeout,0,1.042721,-0.000952,-1.475629,0.000000,0.000000,-0.036324,0,0.000000,0.3405,0.0000,0.1900
521,100,-8.0000,0,-1,0,-1,4,-1,timeout,0,1.146687,0.009749,-1.467559,0.000000,0.000000,0.023219,0,0.000000,0.3392,0.0000,0.1900
522,100,-8.0000,0,-1,0,-1,4,-1,timeout,0,1.084967,-0.018771,-1.451028,0.000000,0.000000,-0.000104,0,0.000000,0.3379,0.0000,0.1900
523,100,-8.0000,0,-1,0,-1,10,-1,timeout,0,1.012920,-0.008478,-1.479744,0.000000,0.000000,0.030999,0,0.000000,0.3366,0.0000,0.1900
524,100,-8.0000,0,-1,0,-1,10,-1,timeout,0,1.269863,-0.016486,-1.481850,0.000000,0.000000,0.013953,0,0.000000,0.3354,0.0000,0.1900
525,100,-8.0000,0,-1,0,-1,8,-1,timeout,0,1.233482,-0.008292,-1.486706,0.000000,0.000000,0.030889,0,0.000000,0.3341,0.0000,0.1900
526,100,-8.0000,0,-1,0,-1,4,-1,timeout,0,1.117428,-0.006112,-1.476613,0.000000,0.000000,0.023387,0,0.000000,0.3328,0.0000,0.1900
527,100,-8.0000,0,-1,0,-1,4,-1,timeout,0,0.868783,-0.000813,-1.475008,0.000000,0.000000,0.018049,0,0.000000,0.3316,0.0000,0.1800
528,100,-8.0000,0,-1,0,-1,8,-1,timeout,0,0.958720,-0.009997,-1.460589,0.000000,0.000000,0.006647,0,0.000000,0.3303,0.0000,0.1700
529,100,-8.0000,0,-1,0,-1,4,-1,timeout,0,1.178903,-0.011043,-1.498590,0.000000,0.000000,0.035274,0,0.000000,0.3290,0.0000,0.1600
530,100,-8.0000,0,-1,0,-1,4,-1,timeout,0,1.090028,0.009595,-1.475880,0.000000,0.000000,0.006848,0,0.000000,0.3278,0.0000,0.1600
531,100,-8.0000,0,-1,0,-1,4,-1,timeout,0,0.818483,-0.002739,-1.483905,0.000000,0.000000,0.004041,0,0.000000,0.3265,0.0000,0.1600
532,100,-8.0000,0,-1,0,-1,4,-1,timeout,0,1.104938,0.005115,-1.457468,0.000000,0.000000,0.036860,0,0.000000,0.3252,0.0000,0.1500
533,100,-8.0000,0,-1,0,-1,4,-1,timeout,0,1.274225,-0.011031,-1.469675,0.000000,0.000000,0.003418,0,0.000000,0.3240,0.0000,0.1500
534,100,-8.0000,0,-1,0,-1,4,-1,timeout,0,1.049372,-0.013969,-1.472964,0.000000,0.000000,0.000009,0,0.000000,0.3227,0.0000,0.1500
535,100,-8.0000,0,-1,0,-1,6,-1,timeout,0,1.335993,0.008528,-1.466664,0.000000,0.000000,-0.007341,0,0.000000,0.3214,0.0000,0.1500
536,100,-8.0000,0,-1,0,-1,8,-1,timeout,0,0.855350,-0.004329,-1.480640,0.000000,0.000000,0.018240,0,0.000000,0.3202,0.0000,0.1500
537,100,-8.0000,0,-1,0,-1,6,-1,timeout,0,0.926500,-0.007512,-1.465312,0.000000,0.000000,-0.010098,0,0.000000,0.3189,0.0000,0.1500
538,100,-8.0000,0,-1,0,-1,6,-1,timeout,0,1.188122,-0.014431,-1.493041,0.000000,0.000000,0.021557,0,0.000000,0.3176,0.0000,0.1500
539,100,-8.0000,0,-1,0,-1,6,-1,timeout,0,0.901825,0.008071,-1.555623,0.000000,0.000000,0.004150,0,0.000000,0.3164,0.0000,0.1400
540,100,-8.0000,0,-1,0,-1,6,-1,timeout,0,1.305306,-0.015304,-1.568642,0.000000,0.000000,-0.009234,0,0.000000,0.3151,0.0000,0.1300
541,100,-8.0000,0,-1,0,-1,6,-1,timeout,0,1.021214,-0.010890,-1.595675,0.000000,0.000000,0.001344,0,0.000000,0.3138,0.0000,0.1200
542,6,-0.6000,1,-1,0,-1,-1,4,trap_rush,0,2.548595,-0.074463,-1.668711,0.000000,0.000000,-0.198570,0,0.000000,0.3126,0.0000,0.1300
543,100,-8.0000,0,-1,0,-1,14,-1,timeout,0,1.140054,0.022613,-1.585959,0.000000,0.000000,-0.009522,0,0.000000,0.3113,0.0000,0.1300
544,10,-1.0000,1,-1,0,-1,-1,8,trap_rush,0,1.592040,-0.105316,-1.547713,0.000000,0.000000,-0.023416,0,0.000000,0.3100,0.0000,0.1400
545,100,-8.0000,0,-1,0,-1,4,-1,timeout,0,1.003719,0.009099,-1.563527,0.000000,0.000000,0.023362,0,0.000000,0.3087,0.0000,0.1400
546,14,-11.4000,1,-1,0,-1,-1,10,trap_rush,0,0.743263,-0.105702,-1.515567,0.000000,0.000000,-0.047371,0,0.000000,0.3075,0.0000,0.1500
547,100,-8.0000,0,-1,0,-1,4,-1,timeout,0,1.120797,0.000989,-1.566473,0.000000,0.000000,-0.008479,0,0.000000,0.3062,0.0000,0.1500
548,100,-8.0000,0,-1,0,-1,4,-1,timeout,0,0.934686,-0.009874,-1.571716,0.000000,0.000000,-0.002335,0,0.000000,0.3049,0.0000,0.1400
549,100,-8.0000,0,-1,0,-1,4,-1,timeout,0,1.176868,0.007917,-1.561912,0.000000,0.000000,0.015057,0,0.000000,0.3037,0.0000,0.1400
550,100,-8.0000,0,-1,0,-1,4,-1,timeout,0,0.990403,-0.015939,-1.567571,0.000000,0.000000,-0.003670,0,0.000000,0.3024,0.0000,0.1300
551,100,-8.0000,0,-1,0,-1,4,-1,timeout,0,1.252132,-0.022415,-1.614467,0.000000,0.000000,0.047255,0,0.000000,0.3011,0.0000,0.1300
552,6,-0.6000,1,-1,0,-1,-1,4,trap_rush,0,1.871123,0.079710,-1.738543,0.000000,0.000000,0.049048,0,0.000000,0.2999,0.0000,0.1400
553,100,-8.0000,0,-1,0,-1,8,-1,timeout,0,1.078766,-0.006771,-1.645797,0.000000,0.000000,0.027769,0,0.000000,0.2986,0.0000,0.1400
554,100,-8.0000,0,-1,0,-1,6,-1,timeout,0,1.162086,-0.003387,-1.641226,0.000000,0.000000,0.036550,0,0.000000,0.2973,0.0000,0.1400
555,100,-8.0000,0,-1,0,-1,6,-1,timeout,0,1.064516,-0.010392,-1.658900,0.000000,0.000000,0.019583,0,0.000000,0.2961,0.0000,0.1400
556,100,-8.0000,0,-1,0,-1,10,-1,timeout,0,0.806667,-0.001561,-1.649974,0.000000,0.000000,0.011142,0,0.000000,0.2948,0.0000,0.1400
557,100,-8.0000,0,-1,0,-1,6,-1,timeout,0,0.975523,-0.000454,-1.628383,0.000000,0.000000,0.028359,0,0.000000,0.2935,0.0000,0.1400
558,100,-8.0000,0,-1,0,-1,8,-1,timeout,0,1.125285,-0.006462,-1.619866,0.000000,0.000000,-0.020036,0,0.000000,0.2923,0.0000,0.1400
559,100,-8.0000,0,-1,0,-1,6,-1,timeout,0,1.180131,0.002897,-1.645797,0.000000,0.000000,0.014027,0,0.000000,0.2910,0.0000,0.1400
560,88,-7.8000,1,-1,0,-1,4,84,shield_route,0,1.348182,-0.002827,-1.599452,0.000000,0.000000,0.024190,0,0.000000,0.2897,0.0000,0.1500
561,6,-0.6000,1,-1,0,-1,-1,4,trap_rush,0,1.460126,0.031922,-1.659661,0.000000,0.000000,0.007617,0,0.000000,0.2885,0.0000,0.1600
562,76,3.4000,1,-1,0,-1,4,74,shield_route,0,0.883820,-0.011466,-1.629556,0.000000,0.000000,-0.011566,0,0.000000,0.2872,0.0000,0.1700
563,100,-8.0000,0,-1,0,-1,4,-1,timeout,0,1.219173,-0.003606,-1.634426,0.000000,0.000000,0.003280,0,0.000000,0.2859,0.0000,0.1700
564,100,-8.0000,0,-1,0,-1,6,-1,timeout,0,1.250144,0.011488,-1.657154,0.000000,0.000000,0.020271,0,0.000000,0.2846,0.0000,0.1700
565,100,-8.0000,0,-1,0,-1,6,-1,timeout,0,0.845650,-0.006740,-1.619585,0.000000,0.000000,-0.006124,0,0.000000,0.2834,0.0000,0.1700
566,100,-8.0000,0,-1,0,-1,4,-1,timeout,0,1.160958,-0.022948,-1.657194,0.000000,0.000000,0.018770,0,0.000000,0.2821,0.0000,0.1700
567,100,-8.0000,0,-1,0,-1,4,-1,timeout,0,1.245109,0.010282,-1.642274,0.000000,0.000000,0.012143,0,0.000000,0.2808,0.0000,0.1700
568,100,-8.0000,0,-1,0,-1,4,-1,timeout,0,1.062102,-0.004125,-1.632437,0.000000,0.000000,-0.004393,0,0.000000,0.2796,0.0000,0.1700
569,100,-8.0000,0,-1,0,-1,4,-1,timeout,0,1.178855,-0.013032,-1.657279,0.000000,0.000000,0.012654,0,0.000000,0.2783,0.0000,0.1600
570,10,-21.0000,1,-1,0,-1,-1,4,trap_rush,0,0.257132,0.038555,-1.700682,0.000000,0.000000,0.061559,0,0.000000,0.2770,0.0000,0.1600
571,100,-8.0000,0,-1,0,-1,6,-1,timeout,0,1.004832,0.007470,-1.644606,0.000000,0.000000,0.027436,0,0.000000,0.2758,0.0000,0.1500
572,100,-8.0000,0,-1,0,-1,6,-1,timeout,0,1.412788,-0.005024,-1.668337,0.000000,0.000000,-0.003259,0,0.000000,0.2745,0.0000,0.1500
573,100,-8.0000,0,-1,0,-1,6,-1,timeout,0,1.047999,-0.006075,-1.657387,0.000000,0.000000,-0.015448,0,0.000000,0.2732,0.0000,0.1500
574,100,-8.0000,0,-1,0,-1,4,-1,timeout,0,1.185942,-0.024997,-1.688866,0.000000,0.000000,0.001915,0,0.000000,0.2720,0.0000,0.1500
575,100,-8.0000,0,-1,0,-1,6,-1,timeout,0,1.180859,0.005048,-1.731843,0.000000,0.000000,-0.014748,0,0.000000,0.2707,0.0000,0.1500
576,100,-8.0000,0,-1,0,-1,8,-1,timeout,0,1.107312,0.002237,-1.735570,0.000000,0.000000,0.011551,0,0.000000,0.2694,0.0000,0.1500
577,100,-8.0000,0,-1,0,-1,4,-1,timeout,0,1.076349,0.011676,-1.700727,0.000000,0.000000,0.005584,0,0.000000,0.2682,0.0000,0.1400
578,38,-2.8000,1,-1,0,-1,4,34,shield_route,0,1.019056,-0.026008,-1.761777,0.000000,0.000000,-0.006032,0,0.000000,0.2669,0.0000,0.1400
579,100,-8.0000,0,-1,0,-1,4,-1,timeout,0,0.936759,-0.002421,-1.711781,0.000000,0.000000,0.045218,0,0.000000,0.2656,0.0000,0.1400
580,100,-8.0000,0,-1,0,-1,4,-1,timeout,0,0.902936,-0.001021,-1.714431,0.000000,0.000000,0.008266,0,0.000000,0.2644,0.0000,0.1400
581,100,-8.0000,0,-1,0,-1,4,-1,timeout,0,1.016058,-0.002830,-1.701601,0.000000,0.000000,0.033577,0,0.000000,0.2631,0.0000,0.1400
582,100,-8.0000,0,-1,0,-1,8,-1,timeout,0,1.293575,-0.004926,-1.742074,0.000000,0.000000,0.007622,0,0.000000,0.2618,0.0000,0.1400
583,100,-8.0000,0,-1,0,-1,8,-1,timeout,0,1.016000,-0.015267,-1.741557,0.000000,0.000000,0.014511,0,0.000000,0.2605,0.0000,0.1400
584,100,-8.0000,0,-1,0,-1,4,-1,timeout,0,0.956529,0.007055,-1.752643,0.000000,0.000000,0.041913,0,0.000000,0.2593,0.0000,0.1400
585,100,-8.0000,0,-1,0,-1,4,-1,timeout,0,1.209271,-0.005009,-1.690125,0.000000,0.000000,0.041156,0,0.000000,0.2580,0.0000,0.1400
586,100,-8.0000,0,-1,0,-1,4,-1,timeout,0,0.953775,0.000842,-1.661748,0.000000,0.000000,0.006523,0,0.000000,0.2567,0.0000,0.1300
587,100,-8.0000,0,-1,0,-1,4,-1,timeout,0,0.991066,-0.006993,-1.657557,0.000000,0.000000,0.008877,0,0.000000,0.2555,0.0000,0.1300
588,100,-8.0000,0,-1,0,-1,10,-1,timeout,0,1.008592,-0.000378,-1.673860,0.000000,0.000000,0.020105,0,0.000000,0.2542,0.0000,0.1300
589,6,-0.6000,1,-1,0,-1,-1,4,trap_rush,0,0.056859,0.022193,-1.642899,0.000000,0.000000,-0.018726,0,0.000000,0.2529,0.0000,0.1400
590,86,2.4000,1,-1,0,-1,4,84,shield_route,0,0.898671,-0.006042,-1.668992,0.000000,0.000000,0.020548,0,0.000000,0.2517,0.0000,0.1500
591,100,-8.0000,0,-1,0,-1,8,-1,timeout,0,0.947008,-0.000136,-1.640629,0.000000,0.000000,-0.013145,0,0.000000,0.2504,0.0000,0.1400
592,100,-8.0000,0,-1,0,-1,4,-1,timeout,0,1.026846,0.009067,-1.669868,0.000000,0.000000,-0.005302,0,0.000000,0.2491,0.0000,0.1400
593,100,-8.0000,0,-1,0,-1,6,-1,timeout,0,0.936584,-0.021226,-1.658325,0.000000,0.000000,0.049185,0,0.000000,0.2479,0.0000,0.1300
594,100,-8.0000,0,-1,0,-1,4,-1,timeout,0,1.523266,0.010617,-1.669454,0.000000,0.000000,0.009715,0,0.000000,0.2466,0.0000,0.1300
595,100,-8.0000,0,-1,0,-1,4,-1,timeout,0,1.352793,-0.002343,-1.645951,0.000000,0.000000,-0.009125,0,0.000000,0.2453,0.0000,0.1200
596,72,-6.2000,1,-1,0,-1,4,68,shield_route,0,0.855213,-0.036041,-1.700550,0.000000,0.000000,0.022363,0,0.000000,0.2441,0.0000,0.1300
597,100,-8.0000,0,-1,0,-1,4,-1,timeout,0,0.965162,-0.005394,-1.732088,0.000000,0.000000,-0.004481,0,0.000000,0.2428,0.0000,0.1300
598,100,-8.0000,0,-1,0,-1,8,-1,timeout,0,0.824849,-0.003397,-1.749769,0.000000,0.000000,0.008142,0,0.000000,0.2415,0.0000,0.1300
599,100,-8.0000,0,-1,0,-1,6,-1,timeout,0,0.832594,0.008016,-1.728283,0.000000,0.000000,-0.019395,0,0.000000,0.2403,0.0000,0.1300
600,100,-8.0000,0,-1,0,-1,4,-1,timeout,0,1.144898,-0.004153,-1.768247,0.000000,0.000000,0.000455,0,0.000000,0.2390,0.0000,0.1300
601,100,-8.0000,0,-1,0,-1,4,-1,timeout,0,0.723466,-0.012811,-1.757831,0.000000,0.000000,-0.019104,0,0.000000,0.2377,0.0000,0.1300
602,100,-8.0000,0,-1,0,-1,4,-1,timeout,0,0.901179,0.022753,-1.736633,0.000000,0.000000,0.023093,0,0.000000,0.2364,0.0000,0.1300
603,100,-8.0000,0,-1,0,-1,4,-1,timeout,0,1.091159,-0.018731,-1.748950,0.000000,0.000000,-0.002150,0,0.000000,0.2352,0.0000,0.1300
604,100,-8.0000,0,-1,0,-1,6,-1,timeout,0,1.003585,0.022329,-1.744838,0.000000,0.000000,-0.022866,0,0.000000,0.2339,0.0000,0.1300
605,100,-8.0000,0,-1,0,-1,6,-1,timeout,0,1.042869,0.003602,-1.719096,0.000000,0.000000,0.015171,0,0.000000,0.2326,0.0000,0.1300
606,100,-8.0000,0,-1,0,-1,4,-1,timeout,0,1.031064,-0.005510,-1.731709,0.000000,0.000000,0.029247,0,0.000000,0.2314,0.0000,0.1300
607,6,-0.6000,1,-1,0,-1,-1,4,trap_rush,0,0.446540,-0.023538,-1.736512,0.000000,0.000000,0.000670,0,0.000000,0.2301,0.0000,0.1400
608,12,-11.2000,1,-1,0,-1,-1,8,trap_rush,0,1.174565,-0.023756,-1.737489,0.000000,0.000000,0.041706,0,0.000000,0.2288,0.0000,0.1500
609,10,-11.0000,1,-1,0,-1,-1,6,trap_rush,0,0.551940,-0.015856,-1.740592,0.000000,0.000000,0.016474,0,0.000000,0.2276,0.0000,0.1600
610,100,-8.0000,0,-1,0,-1,4,-1,timeout,0,0.970527,0.004863,-1.725723,0.000000,0.000000,-0.012532,0,0.000000,0.2263,0.0000,0.1600
611,100,-8.0000,0,-1,0,-1,4,-1,timeout,0,0.785946,0.001907,-1.739525,0.000000,0.000000,-0.003708,0,0.000000,0.2250,0.0000,0.1600
612,100,-8.0000,0,-1,0,-1,4,-1,timeout,0,0.861398,-0.003174,-1.747281,0.000000,0.000000,-0.000029,0,0.000000,0.2238,0.0000,0.1600
613,100,-8.0000,0,-1,0,-1,6,-1,timeout,0,0.845602,-0.005589,-1.736517,0.000000,0.000000,0.014615,0,0.000000,0.2225,0.0000,0.1600
614,100,-8.0000,0,-1,0,-1,4,-1,timeout,0,0.800094,-0.005731,-1.723397,0.000000,0.000000,0.005118,0,0.000000,0.2212,0.0000,0.1600
615,100,-8.0000,0,-1,0,-1,4,-1,timeout,0,0.860575,-0.006977,-1.740952,0.000000,0.000000,0.002499,0,0.000000,0.2200,0.0000,0.1600
616,100,-8.0000,0,-1,0,-1,6,-1,timeout,0,0.896974,0.001292,-1.738232,0.000000,0.000000,0.008224,0,0.000000,0.2187,0.0000,0.1500
617,10,-1.0000,1,-1,0,-1,-1,8,trap_rush,0,0.897724,0.011999,-1.739476,0.000000,0.000000,-0.020116,0,0.000000,0.2174,0.0000,0.1600
618,6,-0.6000,1,-1,0,-1,-1,4,trap_rush,0,0.830951,-0.094661,-1.715574,0.000000,0.000000,0.002684,0,0.000000,0.2162,0.0000,0.1700
619,6,-0.6000,1,-1,0,-1,-1,4,trap_rush,0,1.430216,-0.011503,-1.750447,0.000000,0.000000,0.007924,0,0.000000,0.2149,0.0000,0.1800
620,6,-0.6000,1,-1,0,-1,-1,4,trap_rush,0,1.069701,0.073903,-1.764835,0.000000,0.000000,0.113068,0,0.000000,0.2136,0.0000,0.1900
621,100,-8.0000,0,-1,0,-1,4,-1,timeout,0,0.699997,0.011494,-1.733118,0.000000,0.000000,0.004014,0,0.000000,0.2123,0.0000,0.1900
622,100,-8.0000,0,-1,0,-1,4,-1,timeout,0,0.908650,-0.010428,-1.747531,0.000000,0.000000,0.000810,0,0.000000,0.2111,0.0000,0.1900
623,100,-8.0000,0,-1,0,-1,4,-1,timeout,0,0.602246,0.002088,-1.752316,0.000000,0.000000,0.008282,0,0.000000,0.2098,0.0000,0.1900
624,100,-8.0000,0,-1,0,-1,12,-1,timeout,0,0.724710,-0.009876,-1.774478,0.000000,0.000000,0.015804,0,0.000000,0.2085,0.0000,0.1900
625,100,-8.0000,0,-1,0,-1,4,-1,timeout,0,0.630160,0.009300,-1.723409,0.000000,0.000000,-0.007110,0,0.000000,0.2073,0.0000,0.1900
626,100,-8.0000,0,-1,0,-1,4,-1,timeout,0,0.755151,-0.005513,-1.751908,0.000000,0.000000,0.019645,0,0.000000,0.2060,0.0000,0.1900
627,100,-8.0000,0,-1,0,-1,4,-1,timeout,0,0.788016,-0.013347,-1.779132,0.000000,0.000000,-0.007421,0,0.000000,0.2047,0.0000,0.1900
628,100,-8.0000,0,-1,0,-1,16,-1,timeout,0,1.233895,-0.004141,-1.757552,0.000000,0.000000,0.003025,0,0.000000,0.2035,0.0000,0.1900
629,100,-8.0000,0,-1,0,-1,4,-1,timeout,0,0.810116,0.001621,-1.755747,0.000000,0.000000,0.011966,0,0.000000,0.2022,0.0000,0.1900
630,100,-8.0000,0,-1,0,-1,4,-1,timeout,0,0.941422,0.002980,-1.752418,0.000000,0.000000,0.005730,0,0.000000,0.2009,0.0000,0.1900
631,100,-8.0000,0,-1,0,-1,4,-1,timeout,0,0.774882,0.002822,-1.730554,0.000000,0.000000,0.016783,0,0.000000,0.1997,0.0000,0.1900
632,100,-8.0000,0,-1,0,-1,6,-1,timeout,0,1.004632,-0.019559,-1.746003,0.000000,0.000000,-0.004754,0,0.000000,0.1984,0.0000,0.1900
633,100,-8.0000,0,-1,0,-1,10,-1,timeout,0,0.837815,0.005863,-1.816165,0.000000,0.000000,0.008497,0,0.000000,0.1971,0.0000,0.1900
634,100,-8.0000,0,-1,0,-1,8,-1,timeout,0,0.972570,-0.016487,-1.822988,0.000000,0.000000,0.010757,0,0.000000,0.1959,0.0000,0.1900
635,100,-8.0000,0,-1,0,-1,4,-1,timeout,0,0.688865,0.007523,-1.820342,0.000000,0.000000,-0.000520,0,0.000000,0.1946,0.0000,0.1900
636,100,-8.0000,0,-1,0,-1,6,-1,timeout,0,0.832631,-0.011245,-1.835771,0.000000,0.000000,-0.002128,0,0.000000,0.1933,0.0000,0.1900
637,100,-8.0000,0,-1,0,-1,4,-1,timeout,0,0.905771,0.010127,-1.817762,0.000000,0.000000,0.008584,0,0.000000,0.1921,0.0000,0.1900
638,100,-8.0000,0,-1,0,-1,6,-1,timeout,0,0.794575,0.006605,-1.794505,0.000000,0.000000,-0.004142,0,0.000000,0.1908,0.0000,0.1900
639,60,5.0000,1,-1,0,-1,4,58,shield_route,0,0.737381,-0.004602,-1.806941,0.000000,0.000000,-0.009395,0,0.000000,0.1895,0.0000,0.2000
640,100,-8.0000,0,-1,0,-1,10,-1,timeout,0,1.032379,-0.002246,-1.796367,0.000000,0.000000,-0.039883,0,0.000000,0.1883,0.0000,0.2000
641,100,-8.0000,0,-1,0,-1,4,-1,timeout,0,0.646475,-0.001788,-1.805371,0.000000,0.000000,-0.004715,0,0.000000,0.1870,0.0000,0.2000
642,100,-8.0000,0,-1,0,-1,4,-1,timeout,0,0.632254,-0.003811,-1.799585,0.000000,0.000000,0.009155,0,0.000000,0.1857,0.0000,0.1900
643,100,-8.0000,0,-1,0,-1,6,-1,timeout,0,0.795673,0.009072,-1.763537,0.000000,0.000000,-0.005868,0,0.000000,0.1844,0.0000,0.1900
644,100,-8.0000,0,-1,0,-1,4,-1,timeout,0,0.667455,-0.013700,-1.798966,0.000000,0.000000,-0.000535,0,0.000000,0.1832,0.0000,0.1800
645,100,-8.0000,0,-1,0,-1,4,-1,timeout,0,0.540501,-0.002320,-1.790128,0.000000,0.000000,0.025705,0,0.000000,0.1819,0.0000,0.1800
646,100,-8.0000,0,-1,0,-1,4,-1,timeout,0,0.692389,-0.013877,-1.793882,0.000000,0.000000,0.024812,0,0.000000,0.1806,0.0000,0.1700
647,100,-8.0000,0,-1,0,-1,4,-1,timeout,0,0.896561,-0.011077,-1.812901,0.000000,0.000000,-0.003368,0,0.000000,0.1794,0.0000,0.1700
648,100,-8.0000,0,-1,0,-1,4,-1,timeout,0,0.780966,-0.001389,-1.818745,0.000000,0.000000,-0.006320,0,0.000000,0.1781,0.0000,0.1700
649,100,-8.0000,0,-1,0,-1,4,-1,timeout,0,0.484712,0.012195,-1.776984,0.000000,0.000000,0.017155,0,0.000000,0.1768,0.0000,0.1700
650,100,-8.0000,0,-1,0,-1,4,-1,timeout,0,0.608914,-0.005370,-1.781951,0.000000,0.000000,0.036149,0,0.000000,0.1756,0.0000,0.1700
651,100,-8.0000,0,-1,0,-1,4,-1,timeout,0,0.732628,-0.007940,-1.778850,0.000000,0.000000,-0.010960,0,0.000000,0.1743,0.0000,0.1700
652,100,-8.0000,0,-1,0,-1,4,-1,timeout,0,0.778499,0.007034,-1.800387,0.000000,0.000000,-0.003732,0,0.000000,0.1730,0.0000,0.1600
653,100,-8.0000,0,-1,0,-1,6,-1,timeout,0,0.843397,-0.020880,-1.826035,0.000000,0.000000,-0.003166,0,0.000000,0.1718,0.0000,0.1600
654,100,-8.0000,0,-1,0,-1,6,-1,timeout,0,0.771343,0.000559,-1.819825,0.000000,0.000000,0.006825,0,0.000000,0.1705,0.0000,0.1600
655,100,-8.0000,0,-1,0,-1,4,-1,timeout,0,0.684259,0.006456,-1.834830,0.000000,0.000000,0.001603,0,0.000000,0.1692,0.0000,0.1600
656,100,-8.0000,0,-1,0,-1,6,-1,timeout,0,0.416658,-0.004380,-1.812018,0.000000,0.000000,0.010877,0,0.000000,0.1680,0.0000,0.1600
657,100,-8.0000,0,-1,0,-1,6,-1,timeout,0,0.843190,0.002586,-1.831585,0.000000,0.000000,0.020556,0,0.000000,0.1667,0.0000,0.1600
658,100,-8.0000,0,-1,0,-1,4,-1,timeout,0,0.711141,-0.006809,-1.811923,0.000000,0.000000,-0.006396,0,0.000000,0.1654,0.0000,0.1600
659,100,-8.0000,0,-1,0,-1,4,-1,timeout,0,0.550761,-0.009181,-1.828576,0.000000,0.000000,-0.009224,0,0.000000,0.1642,0.0000,0.1600
660,100,-8.0000,0,-1,0,-1,4,-1,timeout,0,0.766587,0.017297,-1.817151,0.000000,0.000000,0.011840,0,0.000000,0.1629,0.0000,0.1500
661,100,-8.0000,0,-1,0,-1,6,-1,timeout,0,0.973355,0.000101,-1.823080,0.000000,0.000000,0.012459,0,0.000000,0.1616,0.0000,0.1400
662,100,-8.0000,0,-1,0,-1,4,-1,timeout,0,0.652169,-0.001335,-1.817627,0.000000,0.000000,-0.022393,0,0.000000,0.1603,0.0000,0.1300
663,100,-8.0000,0,-1,0,-1,4,-1,timeout,0,0.394120,-0.002679,-1.813756,0.000000,0.000000,-0.026140,0,0.000000,0.1591,0.0000,0.1300
664,100,-8.0000,0,-1,0,-1,4,-1,timeout,0,0.846714,0.007643,-1.815196,0.000000,0.000000,-0.012101,0,0.000000,0.1578,0.0000,0.1300
665,100,-8.0000,0,-1,0,-1,4,-1,timeout,0,0.570185,0.000145,-1.801741,0.000000,0.000000,-0.019412,0,0.000000,0.1565,0.0000,0.1300
666,100,-8.0000,0,-1,0,-1,4,-1,timeout,0,0.751135,0.003665,-1.800664,0.000000,0.000000,-0.001609,0,0.000000,0.1553,0.0000,0.1300
667,6,-0.6000,1,-1,0,-1,-1,4,trap_rush,0,0.653917,0.090845,-1.816105,0.000000,0.000000,0.036515,0,0.000000,0.1540,0.0000,0.1400
668,10,-21.0000,1,-1,0,-1,-1,4,trap_rush,0,0.366735,0.007450,-1.807515,0.000000,0.000000,0.011756,0,0.000000,0.1527,0.0000,0.1500
669,100,-8.0000,0,-1,0,-1,4,-1,timeout,0,0.540972,-0.003612,-1.797298,0.000000,0.000000,-0.003727,0,0.000000,0.1515,0.0000,0.1500
670,6,-0.6000,1,-1,0,-1,-1,4,trap_rush,0,2.359559,-0.164758,-1.789506,0.000000,0.000000,0.082395,0,0.000000,0.1502,0.0000,0.1500
671,8,-0.8000,1,-1,0,-1,-1,6,trap_rush,0,0.484392,0.073557,-1.839772,0.000000,0.000000,0.029215,0,0.000000,0.1489,0.0000,0.1600
672,100,-8.0000,0,-1,0,-1,4,-1,timeout,0,0.688759,-0.006278,-1.810318,0.000000,0.000000,-0.014151,0,0.000000,0.1477,0.0000,0.1600
673,6,-0.6000,1,-1,0,-1,-1,4,trap_rush,0,0.619458,0.061796,-1.812936,0.000000,0.000000,0.067543,0,0.000000,0.1464,0.0000,0.1700
674,8,-0.8000,1,-1,0,-1,-1,6,trap_rush,0,0.646028,-0.077627,-1.818380,0.000000,0.000000,-0.112299,0,0.000000,0.1451,0.0000,0.1800
675,6,-0.6000,1,-1,0,-1,-1,4,trap_rush,0,0.652368,0.107418,-1.839067,0.000000,0.000000,0.017964,0,0.000000,0.1439,0.0000,0.1900
676,8,-0.8000,1,-1,0,-1,-1,6,trap_rush,0,0.377823,-0.019435,-1.825790,0.000000,0.000000,-0.003015,0,0.000000,0.1426,0.0000,0.2000
677,6,-0.6000,1,-1,0,-1,-1,4,trap_rush,0,0.019164,-0.010178,-1.821609,0.000000,0.000000,0.042912,0,0.000000,0.1413,0.0000,0.2100
678,6,-0.6000,1,-1,0,-1,-1,4,trap_rush,0,1.315416,-0.176439,-1.823358,0.000000,0.000000,-0.143497,0,0.000000,0.1401,0.0000,0.2100
679,8,-10.8000,1,-1,0,-1,-1,4,trap_rush,0,0.791304,0.055049,-1.868017,0.000000,0.000000,0.061679,0,0.000000,0.1388,0.0000,0.2200
680,100,-8.0000,0,-1,0,-1,6,-1,timeout,0,0.703242,0.004803,-1.815139,0.000000,0.000000,-0.004882,0,0.000000,0.1375,0.0000,0.2200
681,6,-0.6000,1,-1,0,-1,-1,4,trap_rush,0,0.429903,-0.056395,-1.837892,0.000000,0.000000,-0.013690,0,0.000000,0.1362,0.0000,0.2300
682,100,-8.0000,0,-1,0,-1,4,-1,timeout,0,0.732519,-0.000666,-1.807280,0.000000,0.000000,0.002821,0,0.000000,0.1350,0.0000,0.2300
683,8,-0.8000,1,-1,0,-1,-1,6,trap_rush,0,0.714866,-0.007994,-1.846050,0.000000,0.000000,0.063269,0,0.000000,0.1337,0.0000,0.2400
684,8,-10.8000,1,-1,0,-1,-1,4,trap_rush,0,0.020270,0.017106,-1.851498,0.000000,0.000000,0.021713,0,0.000000,0.1324,0.0000,0.2500
685,6,-0.6000,1,-1,0,-1,-1,4,trap_rush,0,0.457513,-0.039002,-1.835794,0.000000,0.000000,-0.009830,0,0.000000,0.1312,0.0000,0.2600
686,6,-0.6000,1,-1,0,-1,-1,4,trap_rush,0,0.622380,0.078552,-1.831034,0.000000,0.000000,0.009560,0,0.000000,0.1299,0.0000,0.2700
687,6,-0.6000,1,-1,0,-1,-1,4,trap_rush,0,0.141805,0.067213,-1.813307,0.000000,0.000000,-0.013788,0,0.000000,0.1286,0.0000,0.2800
688,100,-8.0000,0,-1,0,-1,4,-1,timeout,0,0.599559,-0.013267,-1.809972,0.000000,0.000000,-0.015397,0,0.000000,0.1274,0.0000,0.2800
689,100,-8.0000,0,-1,0,-1,4,-1,timeout,0,0.766657,-0.001857,-1.806858,0.000000,0.000000,-0.026402,0,0.000000,0.1261,0.0000,0.2700
690,100,-8.0000,0,-1,0,-1,4,-1,timeout,0,0.720786,0.001557,-1.837913,0.000000,0.000000,0.002742,0,0.000000,0.1248,0.0000,0.2600
691,100,-8.0000,0,-1,0,-1,4,-1,timeout,0,0.672299,0.002727,-1.811243,0.000000,0.000000,-0.012264,0,0.000000,0.1236,0.0000,0.2600
692,100,-8.0000,0,-1,0,-1,4,-1,timeout,0,0.487982,0.008262,-1.804176,0.000000,0.000000,-0.007552,0,0.000000,0.1223,0.0000,0.2600
693,6,-0.6000,1,-1,0,-1,-1,4,trap_rush,0,0.049418,-0.010385,-1.801003,0.000000,0.000000,0.003195,0,0.000000,0.1210,0.0000,0.2700
694,6,-0.6000,1,-1,0,-1,-1,4,trap_rush,0,1.490587,-0.002821,-1.807401,0.000000,0.000000,0.113069,0,0.000000,0.1198,0.0000,0.2800
695,6,-0.6000,1,-1,0,-1,-1,4,trap_rush,0,1.055538,-0.004547,-1.802980,0.000000,0.000000,-0.007993,0,0.000000,0.1185,0.0000,0.2900
696,8,-0.8000,1,-1,0,-1,-1,6,trap_rush,0,0.702528,-0.060697,-1.807063,0.000000,0.000000,-0.004321,0,0.000000,0.1172,0.0000,0.2900
697,6,-0.6000,1,-1,0,-1,-1,4,trap_rush,0,0.141536,0.065382,-1.814270,0.000000,0.000000,0.064241,0,0.000000,0.1160,0.0000,0.3000
698,6,-0.6000,1,-1,0,-1,-1,4,trap_rush,0,0.476468,-0.059338,-1.805480,0.000000,0.000000,-0.027030,0,0.000000,0.1147,0.0000,0.3100
699,6,-0.6000,1,-1,0,-1,-1,4,trap_rush,0,1.274881,0.173422,-1.805395,0.000000,0.000000,0.096002,0,0.000000,0.1134,0.0000,0.3200
700,6,-0.6000,1,-1,0,-1,-1,4,trap_rush,0,2.058929,-0.017603,-1.766578,0.000000,0.000000,-0.130215,0,0.000000,0.1121,0.0000,0.3300
701,6,-0.6000,1,-1,0,-1,-1,4,trap_rush,0,0.957573,-0.150107,-1.745962,0.000000,0.000000,-0.171194,0,0.000000,0.1109,0.0000,0.3400
702,6,-0.6000,1,-1,0,-1,-1,4,trap_rush,0,0.597984,0.012017,-1.786947,0.000000,0.000000,-0.036523,0,0.000000,0.1096,0.0000,0.3500
703,6,-0.6000,1,-1,0,-1,-1,4,trap_rush,0,0.508024,-0.043069,-1.800916,0.000000,0.000000,-0.041304,0,0.000000,0.1083,0.0000,0.3600
704,6,-0.6000,1,-1,0,-1,-1,4,trap_rush,0,0.661052,0.091568,-1.819804,0.000000,0.000000,0.086736,0,0.000000,0.1071,0.0000,0.3700
705,6,-0.6000,1,-1,0,-1,-1,4,trap_rush,0,0.899588,-0.117723,-1.808248,0.000000,0.000000,-0.023827,0,0.000000,0.1058,0.0000,0.3800
706,6,-0.6000,1,-1,0,-1,-1,4,trap_rush,0,2.215590,-0.140679,-1.833515,0.000000,0.000000,-0.014783,0,0.000000,0.1045,0.0000,0.3900
707,6,-0.6000,1,-1,0,-1,-1,4,trap_rush,0,0.516250,0.060265,-1.873000,0.000000,0.000000,0.063118,0,0.000000,0.1033,0.0000,0.3900
708,12,-21.2000,1,-1,0,-1,-1,6,trap_rush,0,1.100514,0.056902,-1.831339,0.000000,0.000000,0.040454,0,0.000000,0.1020,0.0000,0.3900
709,100,-8.0000,0,-1,0,-1,4,-1,timeout,0,0.483978,-0.000563,-1.802226,0.000000,0.000000,-0.007700,0,0.000000,0.1007,0.0000,0.3800
710,6,-0.6000,1,-1,0,-1,-1,4,trap_rush,0,1.896053,-0.090929,-1.805140,0.000000,0.000000,-0.009679,0,0.000000,0.0995,0.0000,0.3900
711,8,-10.8000,1,-1,0,-1,-1,4,trap_rush,0,0.382298,-0.040518,-1.807710,0.000000,0.000000,-0.026380,0,0.000000,0.0982,0.0000,0.4000
712,100,-8.0000,0,-1,0,-1,4,-1,timeout,0,0.855321,-0.009690,-1.837081,0.000000,0.000000,-0.009431,0,0.000000,0.0969,0.0000,0.4000
713,50,6.0000,1,-1,0,-1,4,48,shield_route,0,1.032993,-0.024220,-1.868128,0.000000,0.000000,0.011484,0,0.000000,0.0957,0.0000,0.4100
714,100,-8.0000,0,-1,0,-1,4,-1,timeout,0,0.845869,0.006189,-1.848062,0.000000,0.000000,0.019332,0,0.000000,0.0944,0.0000,0.4100
715,100,-8.0000,0,-1,0,-1,4,-1,timeout,0,0.744656,0.004737,-1.828556,0.000000,0.000000,-0.020708,0,0.000000,0.0931,0.0000,0.4100
716,100,-8.0000,0,-1,0,-1,4,-1,timeout,0,1.017854,0.008734,-1.795101,0.000000,0.000000,-0.002108,0,0.000000,0.0919,0.0000,0.4100
717,100,-8.0000,0,-1,0,-1,4,-1,timeout,0,0.792736,0.008648,-1.777614,0.000000,0.000000,0.008680,0,0.000000,0.0906,0.0000,0.4000
718,100,-8.0000,0,-1,0,-1,4,-1,timeout,0,0.766724,0.002722,-1.783241,0.000000,0.000000,0.008699,0,0.000000,0.0893,0.0000,0.3900
719,100,-8.0000,0,-1,0,-1,6,-1,timeout,0,0.720064,-0.006899,-1.789693,0.000000,0.000000,0.001654,0,0.000000,0.0881,0.0000,0.3800
720,100,-8.0000,0,-1,0,-1,4,-1,timeout,0,0.841348,-0.013575,-1.780601,0.000000,0.000000,0.006957,0,0.000000,0.0868,0.0000,0.3700
721,8,-0.8000,1,-1,0,-1,-1,6,trap_rush,0,0.624640,-0.001514,-1.862304,0.000000,0.000000,0.042764,0,0.000000,0.0855,0.0000,0.3800
722,100,-8.0000,0,-1,0,-1,6,-1,timeout,0,0.758310,-0.001498,-1.813414,0.000000,0.000000,0.011823,0,0.000000,0.0842,0.0000,0.3800
723,100,-8.0000,0,-1,0,-1,4,-1,timeout,0,0.656240,0.017758,-1.765025,0.000000,0.000000,0.004853,0,0.000000,0.0830,0.0000,0.3800
724,100,-8.0000,0,-1,0,-1,4,-1,timeout,0,0.463423,-0.001368,-1.750240,0.000000,0.000000,-0.005487,0,0.000000,0.0817,0.0000,0.3800
725,100,-8.0000,0,-1,0,-1,4,-1,timeout,0,1.002976,-0.005715,-1.759989,0.000000,0.000000,0.017038,0,0.000000,0.0804,0.0000,0.3800
726,6,-0.6000,1,-1,0,-1,-1,4,trap_rush,0,0.066488,0.029554,-1.790791,0.000000,0.000000,0.019318,0,0.000000,0.0792,0.0000,0.3900
727,6,-0.6000,1,-1,0,-1,-1,4,trap_rush,0,0.442064,-0.051693,-1.792877,0.000000,0.000000,-0.006286,0,0.000000,0.0779,0.0000,0.4000
728,100,-8.0000,0,-1,0,-1,4,-1,timeout,0,0.557630,0.001615,-1.773241,0.000000,0.000000,0.009465,0,0.000000,0.0766,0.0000,0.4000
729,100,-8.0000,0,-1,0,-1,4,-1,timeout,0,0.660459,-0.012978,-1.803504,0.000000,0.000000,-0.004388,0,0.000000,0.0754,0.0000,0.4000
730,100,-8.0000,0,-1,0,-1,4,-1,timeout,0,0.787467,0.001144,-1.785047,0.000000,0.000000,0.005977,0,0.000000,0.0741,0.0000,0.4000
731,100,-8.0000,0,-1,0,-1,4,-1,timeout,0,0.586628,-0.004053,-1.814683,0.000000,0.000000,0.010527,0,0.000000,0.0728,0.0000,0.4000
732,100,-8.0000,0,-1,0,-1,4,-1,timeout,0,0.984234,-0.003656,-1.807290,0.000000,0.000000,-0.002811,0,0.000000,0.0716,0.0000,0.4000
733,100,-8.0000,0,-1,0,-1,4,-1,timeout,0,0.673362,-0.000048,-1.819000,0.000000,0.000000,0.006919,0,0.000000,0.0703,0.0000,0.4000
734,100,-8.0000,0,-1,0,-1,4,-1,timeout,0,0.724270,-0.001864,-1.835309,0.000000,0.000000,-0.004523,0,0.000000,0.0690,0.0000,0.4000
735,100,-8.0000,0,-1,0,-1,4,-1,timeout,0,0.539257,-0.012783,-1.814909,0.000000,0.000000,0.008150,0,0.000000,0.0678,0.0000,0.4000
736,100,-8.0000,0,-1,0,-1,4,-1,timeout,0,0.664571,0.006913,-1.817523,0.000000,0.000000,-0.011250,0,0.000000,0.0665,0.0000,0.4000
737,100,-8.0000,0,-1,0,-1,4,-1,timeout,0,0.563337,0.000753,-1.798429,0.000000,0.000000,-0.004662,0,0.000000,0.0652,0.0000,0.4000
738,100,-8.0000,0,-1,0,-1,4,-1,timeout,0,0.611313,-0.000264,-1.819593,0.000000,0.000000,0.008165,0,0.000000,0.0640,0.0000,0.4000
739,100,-8.0000,0,-1,0,-1,4,-1,timeout,0,0.660024,0.000867,-1.837790,0.000000,0.000000,0.017901,0,0.000000,0.0627,0.0000,0.3900
740,100,-8.0000,0,-1,0,-1,4,-1,timeout,0,0.657761,-0.012200,-1.880257,0.000000,0.000000,0.003572,0,0.000000,0.0614,0.0000,0.3900
741,100,-8.0000,0,-1,0,-1,4,-1,timeout,0,0.633749,0.003150,-1.845639,0.000000,0.000000,-0.004414,0,0.000000,0.0601,0.0000,0.3900
742,100,-8.0000,0,-1,0,-1,4,-1,timeout,0,0.591376,-0.004784,-1.843536,0.000000,0.000000,-0.013120,0,0.000000,0.0589,0.0000,0.3900
743,100,-8.0000,0,-1,0,-1,4,-1,timeout,0,0.596346,-0.000742,-1.851355,0.000000,0.000000,0.026383,0,0.000000,0.0576,0.0000,0.3900
744,100,-8.0000,0,-1,0,-1,4,-1,timeout,0,0.630836,-0.011583,-1.876944,0.000000,0.000000,0.018284,0,0.000000,0.0563,0.0000,0.3900
745,100,-8.0000,0,-1,0,-1,4,-1,timeout,0,0.549189,-0.004007,-1.866501,0.000000,0.000000,-0.002475,0,0.000000,0.0551,0.0000,0.3900
746,100,-8.0000,0,-1,0,-1,4,-1,timeout,0,0.731913,-0.001418,-1.846828,0.000000,0.000000,-0.012264,0,0.000000,0.0538,0.0000,0.3900
747,100,-8.0000,0,-1,0,-1,4,-1,timeout,0,0.554052,0.010951,-1.843154,0.000000,0.000000,-0.002985,0,0.000000,0.0525,0.0000,0.3900
748,100,-8.0000,0,-1,0,-1,4,-1,timeout,0,0.840969,-0.008570,-1.846446,0.000000,0.000000,0.009738,0,0.000000,0.0513,0.0000,0.3900
749,100,-8.0000,0,-1,0,-1,4,-1,timeout,0,0.557085,-0.002544,-1.898774,0.000000,0.000000,0.007109,0,0.000000,0.0500,0.0000,0.3900
